age,bmi,glucose,bp,family,active,diabetes
42.0,28.4,77.0,126.0,0,1,0
46.0,30.0,96.0,118.0,0,1,0
38.0,29.3,121.0,116.0,0,1,1
30.0,21.4,68.0,108.0,0,0,0
36.0,32.0,102.0,120.0,0,0,0
28.0,23.1,89.0,116.0,0,1,0
43.0,21.3,89.0,120.0,0,0,0
61.0,24.0,89.0,102.0,0,0,0
35.0,26.5,87.0,103.0,0,1,0
33.0,30.6,108.0,85.0,0,1,1
49.0,30.1,104.0,131.0,0,1,0
47.0,26.9,80.0,132.0,0,0,1
43.0,31.7,117.0,136.0,0,1,0
29.0,27.4,73.0,116.0,0,1,0
42.0,31.5,104.0,134.0,0,0,1
52.0,20.0,94.0,117.0,1,1,0
23.0,19.1,104.0,107.0,0,0,0
36.0,30.9,99.0,99.0,0,0,0
18.0,20.0,101.0,98.0,0,1,0
24.0,25.5,89.0,104.0,1,0,1
18.0,26.5,103.0,121.0,0,1,0
39.0,24.6,96.0,135.0,1,0,0
24.0,24.7,120.0,106.0,0,0,0
46.0,34.0,87.0,127.0,0,1,0
44.0,16.0,106.0,116.0,0,0,0
39.0,31.4,101.0,110.0,1,0,0
18.0,38.5,96.0,96.0,1,1,0
34.0,27.1,84.0,106.0,0,1,0
41.0,26.9,99.0,100.0,0,1,0
44.0,30.6,74.0,116.0,0,1,0
21.0,36.1,74.0,114.0,0,0,0
35.0,21.1,100.0,111.0,0,1,0
28.0,27.4,69.0,112.0,0,0,0
31.0,26.1,111.0,120.0,0,1,0
57.0,29.8,93.0,112.0,0,0,0
31.0,27.8,95.0,125.0,1,1,0
42.0,30.3,95.0,99.0,0,0,1
54.0,24.9,100.0,121.0,0,0,1
34.0,27.2,88.0,120.0,1,0,0
40.0,23.6,86.0,106.0,0,1,0
44.0,23.7,90.0,97.0,1,1,0
43.0,26.3,108.0,125.0,1,0,0
25.0,26.3,106.0,104.0,1,0,1
43.0,21.1,109.0,124.0,1,1,0
61.0,34.9,104.0,137.0,0,0,1
20.0,26.3,87.0,111.0,0,0,0
54.0,20.1,69.0,118.0,1,1,1
44.0,32.5,105.0,133.0,1,1,1
33.0,23.3,102.0,118.0,1,1,0
70.0,29.5,93.0,116.0,0,0,1
53.0,26.9,106.0,123.0,0,0,0
25.0,28.3,109.0,120.0,0,1,0
43.0,27.9,95.0,121.0,0,1,0
50.0,24.1,108.0,121.0,0,0,0
39.0,27.2,97.0,115.0,0,1,0
52.0,37.2,74.0,124.0,0,1,0
41.0,16.0,82.0,101.0,0,1,0
51.0,27.3,89.0,104.0,1,0,0
62.0,29.2,104.0,138.0,0,0,1
33.0,21.7,77.0,105.0,0,1,0
45.0,20.1,85.0,118.0,0,0,0
36.0,37.8,83.0,103.0,0,1,1
44.0,25.1,92.0,119.0,0,0,1
25.0,37.4,96.0,108.0,0,1,1
34.0,29.7,107.0,152.0,0,1,1
39.0,27.4,104.0,105.0,0,0,0
55.0,29.4,98.0,111.0,1,1,0
58.0,30.2,100.0,135.0,0,1,0
23.0,32.9,94.0,129.0,1,0,1
31.0,29.2,94.0,90.0,0,0,0
51.0,27.7,116.0,124.0,0,0,1
18.0,27.9,65.0,121.0,0,0,0
36.0,33.8,92.0,104.0,0,1,0
41.0,31.1,99.0,127.0,0,0,1
60.0,22.0,110.0,114.0,0,1,0
52.0,23.8,78.0,107.0,1,0,0
37.0,28.7,98.0,113.0,0,1,0
37.0,23.9,103.0,109.0,0,0,0
38.0,25.1,86.0,99.0,1,0,1
63.0,22.2,68.0,148.0,0,1,0
36.0,25.7,87.0,110.0,1,0,1
38.0,29.1,76.0,109.0,0,1,0
47.0,32.0,105.0,132.0,1,0,1
40.0,27.0,81.0,116.0,0,1,0
39.0,37.4,122.0,138.0,0,0,1
26.0,26.6,93.0,110.0,0,0,0
42.0,43.0,88.0,130.0,0,0,1
36.0,32.0,87.0,119.0,0,1,0
58.0,29.5,81.0,126.0,0,0,0
51.0,24.5,99.0,117.0,0,1,1
42.0,16.0,110.0,111.0,0,1,1
51.0,26.2,91.0,140.0,1,1,1
37.0,27.9,106.0,109.0,0,0,0
57.0,36.6,86.0,120.0,0,1,0
42.0,20.1,95.0,110.0,1,1,0
50.0,36.5,130.0,132.0,0,1,1
24.0,25.7,70.0,116.0,0,1,0
47.0,30.6,113.0,132.0,0,1,0
18.0,16.0,102.0,89.0,0,1,0
18.0,27.7,65.0,114.0,1,1,0
38.0,25.3,72.0,113.0,0,1,0
29.0,30.4,79.0,112.0,0,1,0
44.0,27.5,107.0,121.0,0,0,1
73.0,21.3,90.0,101.0,0,1,1
30.0,31.7,91.0,120.0,0,0,0
33.0,30.5,103.0,118.0,0,1,1
45.0,30.0,96.0,103.0,0,1,0
49.0,32.0,99.0,121.0,0,1,0
40.0,32.5,90.0,138.0,0,0,0
39.0,26.9,108.0,112.0,0,0,1
52.0,20.2,81.0,124.0,0,1,0
49.0,20.1,115.0,114.0,0,1,0
28.0,33.7,89.0,107.0,0,0,1
41.0,30.6,83.0,108.0,0,1,0
42.0,27.5,102.0,113.0,0,0,1
27.0,24.8,96.0,128.0,1,1,0
46.0,27.2,66.0,129.0,0,0,0
30.0,27.1,94.0,106.0,1,0,1
56.0,25.3,76.0,133.0,0,1,0
45.0,23.5,80.0,115.0,0,1,0
43.0,37.8,109.0,115.0,1,1,1
34.0,28.1,80.0,121.0,0,0,1
40.0,24.0,97.0,105.0,0,0,0
18.0,20.5,82.0,89.0,0,0,0
26.0,23.4,116.0,126.0,1,1,0
47.0,30.6,94.0,99.0,0,1,0
18.0,30.8,74.0,119.0,0,1,0
54.0,25.9,79.0,103.0,0,0,0
18.0,27.3,77.0,110.0,0,0,0
53.0,25.5,96.0,118.0,0,0,0
30.0,21.5,89.0,106.0,0,1,0
53.0,33.5,111.0,98.0,1,1,0
44.0,28.9,96.0,118.0,0,1,0
20.0,39.4,96.0,117.0,0,1,0
59.0,23.2,99.0,110.0,0,1,0
62.0,26.3,94.0,123.0,0,1,0
41.0,31.4,99.0,131.0,0,1,0
38.0,25.8,103.0,107.0,0,1,0
40.0,20.1,101.0,117.0,0,1,0
28.0,22.3,81.0,98.0,1,0,1
57.0,27.5,71.0,127.0,0,1,0
34.0,28.7,81.0,124.0,0,0,0
41.0,26.5,97.0,147.0,0,0,0
31.0,32.0,65.0,128.0,0,1,0
33.0,32.0,87.0,123.0,0,1,0
24.0,28.6,97.0,130.0,1,0,0
60.0,27.1,88.0,111.0,0,1,0
40.0,25.7,76.0,129.0,0,0,0
56.0,29.8,121.0,117.0,0,1,1
42.0,31.6,114.0,113.0,0,1,1
32.0,27.3,88.0,128.0,0,1,0
37.0,29.2,112.0,120.0,0,1,1
34.0,25.4,109.0,130.0,0,0,1
42.0,19.9,74.0,97.0,0,0,0
37.0,22.0,128.0,117.0,1,1,0
38.0,30.8,81.0,112.0,0,1,0
23.0,29.2,87.0,110.0,0,1,0
31.0,35.0,79.0,96.0,0,0,0
65.0,27.3,97.0,136.0,1,0,0
33.0,31.3,75.0,120.0,0,1,0
27.0,33.6,93.0,105.0,0,1,0
47.0,32.0,111.0,106.0,1,1,0
62.0,24.0,98.0,112.0,0,0,0
22.0,26.1,86.0,128.0,0,1,0
39.0,27.6,114.0,116.0,0,1,1
33.0,22.1,77.0,109.0,0,0,0
18.0,29.4,104.0,118.0,0,0,0
52.0,32.1,92.0,124.0,0,0,0
42.0,24.6,95.0,119.0,0,1,0
43.0,36.9,97.0,132.0,0,1,1
31.0,25.5,92.0,118.0,1,1,0
48.0,26.0,93.0,130.0,0,0,1
34.0,25.8,80.0,101.0,0,1,0
40.0,23.5,83.0,116.0,0,1,0
26.0,29.1,97.0,110.0,0,1,0
25.0,27.1,89.0,114.0,0,1,0
61.0,35.3,83.0,127.0,0,0,1
35.0,30.0,83.0,110.0,0,0,0
46.0,29.7,85.0,116.0,0,0,0
42.0,25.9,91.0,128.0,0,0,0
36.0,19.9,91.0,106.0,0,0,0
35.0,26.6,93.0,101.0,1,1,0
51.0,22.7,83.0,125.0,0,1,0
38.0,31.8,94.0,130.0,0,0,0
40.0,26.8,73.0,114.0,1,1,0
42.0,35.3,65.0,124.0,0,0,0
58.0,30.7,96.0,115.0,0,0,0
52.0,31.2,73.0,120.0,1,1,0
47.0,28.2,81.0,133.0,0,1,0
34.0,28.0,75.0,126.0,0,1,0
23.0,30.3,100.0,115.0,0,1,0
55.0,31.6,79.0,121.0,1,1,1
56.0,23.4,97.0,101.0,0,0,0
40.0,29.5,86.0,122.0,0,0,1
50.0,40.1,82.0,132.0,0,1,0
53.0,26.6,72.0,133.0,1,0,1
54.0,25.7,100.0,145.0,0,1,1
55.0,23.5,98.0,125.0,1,0,1
36.0,19.8,99.0,124.0,0,0,0
63.0,32.9,124.0,114.0,0,1,1
25.0,27.3,94.0,127.0,0,0,0
54.0,28.5,99.0,133.0,0,0,1
49.0,36.2,95.0,141.0,1,1,0
54.0,39.5,101.0,136.0,0,0,0
68.0,22.6,90.0,129.0,1,1,0
63.0,32.3,85.0,144.0,1,0,1
26.0,30.1,119.0,107.0,0,0,1
18.0,29.0,65.0,119.0,0,1,0
53.0,29.4,98.0,135.0,0,0,1
28.0,26.9,96.0,104.0,1,0,1
42.0,35.0,97.0,108.0,0,0,0
54.0,30.1,82.0,128.0,1,0,1
19.0,28.7,87.0,113.0,1,1,0
18.0,33.2,85.0,121.0,0,0,0
46.0,31.5,79.0,129.0,1,1,1
43.0,29.3,93.0,110.0,1,0,0
39.0,28.6,87.0,122.0,0,1,0
43.0,35.8,88.0,136.0,1,0,1
30.0,29.6,101.0,112.0,1,0,1
21.0,26.6,74.0,108.0,0,0,0
40.0,22.7,96.0,102.0,0,0,0
28.0,25.3,81.0,123.0,1,1,0
19.0,21.8,92.0,131.0,0,0,0
49.0,27.6,94.0,104.0,0,0,1
41.0,28.3,96.0,127.0,0,1,0
48.0,16.8,75.0,125.0,1,0,1
28.0,27.1,79.0,107.0,0,0,0
33.0,30.3,80.0,113.0,1,1,0
28.0,27.8,93.0,102.0,0,0,0
30.0,22.2,99.0,103.0,0,0,0
45.0,33.4,110.0,124.0,1,1,1
31.0,23.5,82.0,121.0,0,1,0
47.0,20.9,91.0,118.0,0,1,1
47.0,21.6,68.0,127.0,0,1,0
70.0,26.9,65.0,129.0,0,1,0
23.0,31.9,79.0,101.0,0,1,0
54.0,32.8,87.0,142.0,1,0,1
41.0,28.1,70.0,132.0,1,0,0
42.0,21.0,65.0,107.0,0,1,0
22.0,23.7,95.0,131.0,0,1,0
36.0,22.5,78.0,120.0,0,1,0
52.0,26.1,70.0,122.0,0,0,0
41.0,18.1,121.0,136.0,1,0,1
43.0,27.6,95.0,90.0,1,1,0
38.0,30.2,88.0,100.0,1,0,0
58.0,26.3,103.0,131.0,0,1,0
42.0,29.3,82.0,116.0,0,1,0
18.0,22.3,108.0,98.0,0,0,0
32.0,19.7,66.0,129.0,0,1,0
18.0,23.8,69.0,115.0,0,1,0
18.0,32.8,89.0,99.0,0,0,0
35.0,32.2,82.0,111.0,0,0,0
61.0,24.7,113.0,133.0,0,1,1
43.0,33.0,72.0,142.0,0,0,0
26.0,25.4,78.0,89.0,1,1,0
29.0,34.6,96.0,121.0,0,0,0
58.0,29.4,103.0,120.0,0,1,1
44.0,24.7,105.0,97.0,0,1,1
43.0,31.0,98.0,119.0,1,1,0
41.0,23.1,121.0,97.0,0,1,0
43.0,22.3,83.0,110.0,0,0,0
53.0,19.7,93.0,137.0,1,1,0
50.0,28.3,105.0,127.0,0,0,0
45.0,26.7,88.0,128.0,0,0,0
27.0,26.6,85.0,121.0,0,1,0
49.0,25.0,85.0,124.0,1,1,1
32.0,34.2,84.0,130.0,0,0,0
57.0,24.9,77.0,108.0,0,0,0
24.0,23.4,80.0,107.0,0,0,0
40.0,33.2,72.0,131.0,1,1,0
42.0,34.1,100.0,113.0,1,0,0
23.0,28.7,67.0,109.0,0,0,0
66.0,18.3,120.0,135.0,0,1,0
62.0,24.0,117.0,141.0,0,1,0
36.0,30.1,107.0,111.0,1,0,0
53.0,27.1,90.0,112.0,0,1,0
47.0,34.8,87.0,131.0,0,1,0
18.0,20.2,102.0,111.0,1,0,0
46.0,30.4,96.0,113.0,1,1,0
41.0,23.9,98.0,124.0,0,1,0
43.0,33.6,84.0,129.0,0,1,0
27.0,26.6,104.0,115.0,0,1,0
38.0,32.2,82.0,154.0,0,0,1
40.0,23.8,91.0,132.0,1,1,0
59.0,20.0,67.0,129.0,1,0,0
47.0,21.4,81.0,129.0,0,0,0
42.0,24.0,97.0,152.0,1,0,1
63.0,21.9,86.0,135.0,0,0,0
34.0,33.0,86.0,111.0,0,0,0
37.0,33.7,104.0,124.0,0,1,1
18.0,28.4,87.0,113.0,0,1,0
64.0,21.8,110.0,116.0,0,0,0
56.0,26.4,65.0,125.0,0,1,0
55.0,23.6,100.0,124.0,1,0,0
51.0,34.3,103.0,124.0,0,0,0
44.0,28.6,71.0,114.0,0,1,0
45.0,29.4,75.0,130.0,0,1,1
38.0,25.0,102.0,98.0,0,1,0
39.0,16.9,72.0,122.0,1,1,0
43.0,23.1,81.0,117.0,0,1,0
63.0,21.4,101.0,125.0,0,1,0
50.0,28.9,89.0,94.0,1,1,0
41.0,27.5,98.0,138.0,1,0,0
34.0,23.0,76.0,94.0,0,1,0
33.0,25.1,93.0,105.0,0,0,0
64.0,34.8,113.0,137.0,0,1,0
49.0,22.2,95.0,111.0,1,1,1
43.0,22.4,65.0,112.0,1,0,0
37.0,25.9,99.0,90.0,0,0,0
26.0,23.5,88.0,107.0,0,1,0
41.0,24.9,78.0,120.0,0,1,0
54.0,29.7,114.0,131.0,0,0,1
37.0,35.7,70.0,118.0,0,0,0
39.0,18.1,113.0,116.0,0,1,0
39.0,26.9,82.0,123.0,1,1,0
44.0,27.2,114.0,111.0,0,1,0
20.0,26.6,87.0,103.0,0,0,0
39.0,26.1,72.0,140.0,0,0,0
30.0,25.3,90.0,104.0,0,1,0
54.0,32.0,100.0,139.0,1,0,1
31.0,24.7,96.0,115.0,0,1,0
50.0,26.4,107.0,138.0,1,1,0
63.0,27.0,82.0,117.0,0,1,1
38.0,27.5,98.0,124.0,0,0,1
34.0,26.1,100.0,119.0,0,0,0
45.0,32.0,90.0,119.0,0,0,0
42.0,27.0,78.0,122.0,0,0,0
28.0,27.9,76.0,106.0,0,1,0
48.0,26.7,103.0,119.0,0,0,0
70.0,22.0,105.0,120.0,1,1,1
38.0,22.9,77.0,124.0,0,1,0
39.0,21.7,70.0,114.0,1,1,0
27.0,28.0,107.0,98.0,0,1,0
46.0,23.4,69.0,114.0,0,1,0
25.0,21.7,89.0,109.0,0,0,0
27.0,28.2,78.0,104.0,0,0,0
60.0,29.6,70.0,141.0,0,0,0
29.0,18.2,88.0,115.0,1,0,0
57.0,35.4,94.0,137.0,0,0,1
63.0,27.2,115.0,116.0,1,0,0
46.0,26.5,123.0,115.0,0,0,0
50.0,32.3,92.0,135.0,0,0,0
69.0,27.3,110.0,110.0,0,1,0
39.0,24.0,104.0,121.0,1,0,0
34.0,38.0,87.0,123.0,0,0,1
23.0,21.6,74.0,104.0,0,0,0
43.0,26.5,114.0,120.0,0,0,0
63.0,31.2,91.0,114.0,0,0,0
55.0,21.7,91.0,123.0,1,1,0
29.0,26.5,85.0,100.0,0,0,0
30.0,28.9,88.0,101.0,0,1,0
35.0,39.0,87.0,139.0,0,1,0
46.0,22.5,100.0,109.0,0,1,0
39.0,26.8,108.0,93.0,1,0,0
45.0,30.3,88.0,133.0,0,0,0
46.0,27.4,73.0,111.0,0,0,1
38.0,21.0,89.0,85.0,0,1,0
41.0,29.0,71.0,119.0,0,0,0
45.0,27.5,83.0,131.0,1,1,0
41.0,29.2,109.0,123.0,0,0,1
49.0,32.7,127.0,144.0,0,1,0
68.0,32.1,102.0,127.0,0,0,1
50.0,29.0,78.0,129.0,0,0,1
43.0,28.6,103.0,108.0,0,1,0
18.0,21.5,65.0,111.0,1,1,0
47.0,26.3,82.0,138.0,0,1,0
18.0,28.1,109.0,118.0,1,1,0
22.0,25.0,98.0,114.0,1,1,0
54.0,27.5,74.0,99.0,0,0,0
52.0,22.9,68.0,115.0,0,1,0
40.0,34.7,106.0,107.0,1,0,1
18.0,37.8,91.0,126.0,0,1,0
37.0,25.1,81.0,107.0,1,0,0
32.0,29.0,96.0,121.0,1,0,0
51.0,25.8,84.0,109.0,1,0,0
74.0,33.3,72.0,153.0,0,0,1
45.0,29.2,104.0,107.0,0,1,1
31.0,27.4,81.0,117.0,1,0,0
26.0,25.9,74.0,144.0,0,1,0
41.0,27.6,73.0,121.0,0,0,0
40.0,22.0,92.0,105.0,0,0,0
26.0,30.4,79.0,123.0,0,0,0
44.0,23.4,99.0,129.0,0,0,0
26.0,29.7,86.0,125.0,0,0,0
58.0,27.6,109.0,100.0,1,1,1
57.0,32.5,90.0,128.0,0,0,0
57.0,26.9,84.0,98.0,0,1,1
35.0,32.1,65.0,142.0,1,1,0
49.0,22.4,75.0,119.0,0,0,0
40.0,30.0,102.0,114.0,0,0,1
37.0,25.9,133.0,124.0,0,1,1
37.0,28.0,73.0,123.0,0,1,0
24.0,27.4,74.0,99.0,0,0,0
22.0,31.7,95.0,134.0,0,0,0
53.0,16.9,95.0,114.0,0,1,0
39.0,28.6,82.0,98.0,0,1,0
45.0,19.5,90.0,132.0,0,0,0
56.0,33.0,73.0,144.0,0,0,0
18.0,17.1,80.0,121.0,0,1,0
31.0,22.0,100.0,119.0,1,0,1
44.0,18.6,111.0,105.0,0,1,0
47.0,35.2,93.0,135.0,0,1,1
37.0,20.6,84.0,136.0,0,1,0
56.0,27.6,100.0,133.0,0,0,0
45.0,24.3,106.0,137.0,1,1,1
25.0,18.0,92.0,100.0,0,1,0
29.0,25.3,78.0,126.0,1,1,0
53.0,30.3,99.0,135.0,0,0,0
48.0,26.1,105.0,102.0,1,1,1
18.0,31.7,80.0,94.0,0,0,0
61.0,25.2,75.0,115.0,0,0,0
50.0,27.0,100.0,122.0,0,1,0
61.0,25.1,98.0,129.0,0,1,1
37.0,28.7,105.0,115.0,0,0,0
38.0,36.5,96.0,121.0,1,1,0
26.0,28.8,81.0,113.0,1,0,0
78.0,28.0,91.0,131.0,0,1,0
40.0,23.9,75.0,123.0,0,0,1
64.0,23.2,80.0,129.0,0,0,0
33.0,34.3,85.0,119.0,1,1,1
44.0,21.4,83.0,120.0,0,1,0
19.0,22.4,101.0,104.0,0,1,0
37.0,26.5,73.0,126.0,1,0,0
56.0,24.9,92.0,116.0,0,1,0
24.0,36.8,84.0,138.0,0,0,0
57.0,16.0,110.0,117.0,0,1,1
47.0,28.8,96.0,124.0,0,0,1
27.0,30.6,85.0,107.0,0,1,0
35.0,21.4,99.0,110.0,0,1,0
36.0,23.8,90.0,117.0,0,0,0
41.0,29.2,85.0,120.0,1,1,0
34.0,35.1,115.0,113.0,0,0,0
30.0,22.4,98.0,99.0,0,0,0
38.0,19.1,112.0,114.0,0,0,1
28.0,31.9,107.0,119.0,1,1,0
24.0,34.6,102.0,124.0,1,1,0
41.0,25.3,92.0,132.0,0,0,0
54.0,16.0,74.0,113.0,0,0,0
21.0,34.3,101.0,92.0,0,0,0
42.0,26.0,92.0,116.0,0,1,0
33.0,32.6,102.0,97.0,1,1,0
28.0,26.8,89.0,99.0,1,0,0
54.0,25.1,83.0,134.0,0,0,0
35.0,24.7,75.0,122.0,0,0,0
63.0,34.4,107.0,121.0,0,0,0
31.0,34.2,111.0,111.0,0,0,0
47.0,16.3,84.0,114.0,0,0,0
39.0,22.3,95.0,94.0,0,0,0
31.0,35.9,113.0,126.0,0,0,0
50.0,25.2,80.0,116.0,0,0,0
40.0,20.2,84.0,137.0,0,0,0
50.0,27.0,77.0,109.0,0,1,0
41.0,26.5,107.0,130.0,0,1,0
27.0,26.5,93.0,106.0,0,0,0
41.0,24.6,84.0,129.0,1,1,0
43.0,25.4,68.0,106.0,0,0,0
55.0,24.7,90.0,130.0,0,1,0
29.0,28.7,104.0,110.0,0,0,0
41.0,22.9,86.0,107.0,0,0,0
18.0,25.6,81.0,109.0,0,1,0
51.0,26.3,101.0,127.0,0,0,0
27.0,33.5,75.0,122.0,0,0,0
18.0,28.9,89.0,131.0,0,0,0
41.0,26.5,99.0,128.0,0,1,1
57.0,29.7,84.0,93.0,1,0,0
21.0,29.0,78.0,108.0,1,0,0
27.0,32.4,95.0,93.0,0,1,0
32.0,29.5,90.0,112.0,0,0,0
26.0,36.0,89.0,126.0,1,1,1
47.0,33.7,98.0,108.0,1,1,1
31.0,26.8,93.0,101.0,0,1,0
32.0,24.9,76.0,116.0,1,0,0
50.0,31.4,85.0,120.0,0,1,0
31.0,29.6,97.0,136.0,1,0,1
48.0,26.5,108.0,124.0,0,0,1
28.0,19.6,105.0,117.0,1,1,0
25.0,17.8,73.0,130.0,0,1,0
18.0,28.7,104.0,106.0,1,0,0
68.0,30.9,107.0,128.0,0,1,0
38.0,31.0,92.0,107.0,0,0,0
45.0,20.6,96.0,120.0,0,0,0
42.0,32.2,105.0,134.0,0,1,1
44.0,24.3,116.0,134.0,0,0,1
43.0,28.9,78.0,119.0,0,0,0
69.0,29.1,105.0,119.0,0,0,0
27.0,23.0,86.0,103.0,1,0,0
20.0,24.0,84.0,94.0,0,0,0
28.0,16.6,101.0,111.0,0,1,0
23.0,22.4,98.0,127.0,0,0,0
52.0,18.0,75.0,89.0,0,0,0
53.0,29.2,90.0,97.0,0,0,0
29.0,27.3,93.0,132.0,0,0,0
23.0,31.6,71.0,96.0,0,0,0
37.0,28.8,103.0,122.0,0,0,0
61.0,23.8,92.0,108.0,0,1,0
18.0,28.7,91.0,122.0,0,1,0
49.0,25.0,97.0,129.0,0,0,0
27.0,30.0,116.0,118.0,1,1,0
57.0,28.6,95.0,134.0,0,1,0
27.0,22.1,82.0,112.0,0,0,0
38.0,27.0,115.0,124.0,0,1,0
21.0,27.3,82.0,134.0,0,0,1
28.0,25.5,82.0,127.0,0,0,0
61.0,31.5,77.0,119.0,0,1,0
53.0,35.6,112.0,117.0,0,0,1
36.0,25.2,94.0,113.0,1,1,0
30.0,25.2,96.0,111.0,0,1,0
18.0,16.0,86.0,107.0,0,0,0
36.0,26.4,89.0,110.0,0,1,0
42.0,24.8,80.0,125.0,0,1,0
41.0,16.2,76.0,113.0,0,0,0
41.0,28.4,98.0,123.0,0,1,1
26.0,30.0,92.0,116.0,0,1,0
41.0,23.3,113.0,124.0,0,0,1
41.0,25.1,80.0,103.0,0,1,0
60.0,22.2,86.0,141.0,0,1,1
68.0,30.8,83.0,133.0,1,1,0
40.0,19.4,107.0,120.0,1,1,0
31.0,25.4,72.0,122.0,0,1,0
41.0,36.8,106.0,136.0,0,0,0
33.0,27.3,110.0,125.0,0,0,0
32.0,29.3,89.0,120.0,0,0,0
41.0,26.3,101.0,116.0,1,1,0
27.0,21.1,65.0,92.0,0,0,0
50.0,26.8,87.0,124.0,1,1,1
41.0,29.0,69.0,116.0,0,0,0
46.0,21.9,92.0,114.0,1,0,0
39.0,28.7,92.0,148.0,1,1,0
32.0,33.2,82.0,97.0,0,1,0
29.0,32.3,105.0,118.0,1,0,1
39.0,19.1,93.0,128.0,0,0,0
34.0,22.1,81.0,126.0,0,0,0
45.0,18.9,82.0,131.0,0,1,0
42.0,32.4,73.0,106.0,0,1,0
23.0,30.1,87.0,103.0,1,1,0
43.0,30.5,123.0,128.0,0,0,1
23.0,22.6,77.0,108.0,1,0,0
33.0,21.2,94.0,134.0,0,1,0
38.0,27.4,84.0,121.0,1,0,0
18.0,27.5,99.0,114.0,0,1,0
43.0,22.7,96.0,122.0,0,0,0
44.0,27.7,89.0,117.0,0,1,0
40.0,30.2,68.0,121.0,0,0,0
36.0,28.1,84.0,110.0,0,1,0
37.0,21.8,105.0,114.0,0,0,0
28.0,16.4,82.0,104.0,1,1,0
38.0,25.7,99.0,120.0,1,1,0
34.0,27.8,84.0,100.0,1,1,0
43.0,25.7,65.0,101.0,0,0,0
25.0,24.9,94.0,118.0,0,1,0
45.0,23.5,95.0,121.0,0,0,0
44.0,30.6,85.0,110.0,1,1,0
40.0,26.7,86.0,116.0,0,0,0
36.0,27.6,95.0,105.0,0,0,1
50.0,22.1,83.0,143.0,1,0,0
19.0,23.9,92.0,92.0,1,1,0
48.0,27.8,90.0,142.0,0,1,0
45.0,22.0,65.0,108.0,0,0,0
46.0,20.7,88.0,122.0,0,0,1
47.0,25.4,84.0,117.0,0,0,0
33.0,33.0,81.0,115.0,0,1,0
38.0,28.0,97.0,130.0,0,0,0
51.0,34.3,89.0,135.0,0,0,0
48.0,26.3,100.0,117.0,0,1,1
45.0,25.4,107.0,108.0,1,0,1
21.0,20.0,88.0,134.0,1,1,0
50.0,24.1,70.0,137.0,0,0,0
58.0,34.2,87.0,129.0,1,1,0
56.0,28.6,107.0,121.0,0,0,0
45.0,30.7,90.0,125.0,0,1,0
20.0,30.5,79.0,115.0,0,0,0
55.0,27.0,92.0,137.0,0,0,0
40.0,26.0,98.0,106.0,0,1,0
18.0,27.6,92.0,112.0,0,1,0
47.0,30.4,103.0,113.0,0,0,0
21.0,29.3,78.0,130.0,1,1,0
24.0,29.5,86.0,136.0,0,1,0
33.0,27.8,87.0,116.0,0,1,0
60.0,23.2,93.0,129.0,0,0,0
37.0,25.7,65.0,134.0,0,1,0
46.0,22.3,87.0,114.0,0,1,0
66.0,32.0,79.0,118.0,0,1,0
64.0,16.5,110.0,133.0,1,1,1
41.0,25.9,113.0,124.0,0,1,1
39.0,38.9,119.0,122.0,1,0,1
24.0,25.3,100.0,130.0,1,0,0
32.0,21.3,81.0,116.0,0,0,0
48.0,26.9,106.0,99.0,0,1,0
48.0,33.4,92.0,128.0,0,1,0
44.0,26.2,100.0,118.0,0,1,0
56.0,30.1,83.0,147.0,0,1,0
31.0,27.5,82.0,116.0,1,0,0
41.0,25.1,97.0,115.0,0,0,0
52.0,42.8,124.0,135.0,0,0,0
50.0,27.4,93.0,125.0,0,0,0
57.0,24.3,124.0,105.0,0,0,1
48.0,24.6,130.0,121.0,0,0,0
38.0,28.9,74.0,115.0,0,0,0
47.0,29.0,93.0,138.0,0,0,0
28.0,30.9,78.0,146.0,0,0,0
19.0,27.7,87.0,99.0,0,0,0
50.0,19.8,83.0,106.0,0,1,0
41.0,29.7,92.0,110.0,0,1,0
46.0,25.5,105.0,112.0,0,1,1
18.0,25.6,101.0,103.0,0,1,0
37.0,19.6,92.0,115.0,0,1,0
34.0,24.1,89.0,128.0,1,1,0
30.0,23.4,90.0,98.0,0,1,0
18.0,26.8,90.0,93.0,0,0,0
37.0,19.7,96.0,92.0,0,0,0
55.0,27.3,94.0,136.0,0,0,0
47.0,27.6,100.0,137.0,0,1,0
34.0,21.4,70.0,95.0,0,0,0
42.0,23.9,101.0,98.0,0,1,1
53.0,22.7,116.0,122.0,0,1,0
18.0,31.5,93.0,127.0,0,1,0
40.0,16.0,68.0,125.0,0,1,0
50.0,25.3,111.0,123.0,0,1,1
52.0,18.7,85.0,126.0,1,1,0
66.0,24.8,65.0,129.0,1,0,0
58.0,31.2,93.0,119.0,1,1,0
46.0,23.8,100.0,142.0,0,1,0
46.0,27.7,98.0,121.0,0,1,0
53.0,22.8,109.0,107.0,0,0,1
34.0,36.7,103.0,116.0,0,0,0
41.0,31.6,95.0,103.0,0,1,0
55.0,32.6,69.0,126.0,0,1,0
69.0,20.4,78.0,137.0,0,1,0
40.0,21.5,92.0,101.0,1,0,1
41.0,32.4,103.0,135.0,0,1,1
45.0,26.0,78.0,145.0,0,0,0
61.0,25.7,86.0,129.0,0,1,0
42.0,28.7,99.0,106.0,0,1,0
63.0,20.7,66.0,112.0,0,1,0
28.0,30.9,65.0,113.0,1,0,0
39.0,27.1,88.0,103.0,0,0,0
39.0,29.4,96.0,104.0,1,1,0
53.0,23.6,85.0,118.0,0,1,1
57.0,29.6,65.0,123.0,1,0,0
21.0,23.5,88.0,118.0,1,0,1
29.0,31.8,73.0,103.0,0,1,0
47.0,32.6,104.0,146.0,0,1,1
33.0,31.6,91.0,131.0,0,0,0
21.0,29.6,93.0,125.0,0,1,0
57.0,30.2,104.0,117.0,0,1,0
49.0,16.0,81.0,137.0,0,1,0
49.0,31.2,106.0,119.0,0,0,1
35.0,25.6,108.0,138.0,0,1,1
56.0,27.5,100.0,137.0,1,0,1
39.0,25.6,109.0,107.0,1,0,0
57.0,20.0,83.0,115.0,1,0,0
29.0,24.3,102.0,136.0,0,0,0
30.0,30.3,95.0,129.0,1,0,1
45.0,34.1,81.0,122.0,0,0,1
32.0,23.9,88.0,117.0,0,0,0
51.0,22.5,84.0,122.0,0,0,1
46.0,34.3,88.0,115.0,1,0,0
29.0,22.6,89.0,111.0,0,0,0
43.0,37.4,111.0,117.0,1,1,0
37.0,27.3,87.0,113.0,0,1,0
55.0,22.6,94.0,126.0,0,1,0
33.0,31.9,72.0,107.0,1,0,1
36.0,35.5,96.0,130.0,0,1,0
59.0,19.8,108.0,122.0,0,0,0
73.0,34.8,111.0,142.0,0,0,1
70.0,25.6,102.0,138.0,0,0,1
43.0,34.4,88.0,138.0,0,0,0
45.0,25.1,78.0,127.0,0,0,0
63.0,19.1,91.0,130.0,1,0,0
40.0,29.5,74.0,118.0,0,1,0
28.0,31.6,75.0,124.0,0,1,0
44.0,37.5,109.0,114.0,0,0,1
48.0,35.6,84.0,122.0,1,1,0
30.0,30.5,116.0,126.0,1,0,1
19.0,25.8,68.0,111.0,1,1,0
22.0,24.4,94.0,117.0,0,1,0
51.0,25.5,76.0,109.0,1,1,0
31.0,22.8,91.0,130.0,1,1,0
40.0,25.6,77.0,111.0,1,0,0
45.0,16.0,88.0,119.0,0,0,0
51.0,27.9,91.0,122.0,0,1,0
37.0,26.9,85.0,129.0,0,1,1
49.0,39.8,105.0,123.0,0,0,1
30.0,30.8,112.0,105.0,1,0,0
37.0,24.6,82.0,94.0,0,0,0
28.0,29.8,103.0,113.0,1,1,0
58.0,20.9,93.0,106.0,0,0,0
42.0,24.0,90.0,124.0,0,0,0
32.0,17.7,117.0,129.0,0,1,0
37.0,34.2,65.0,94.0,0,0,0
39.0,30.0,83.0,104.0,0,0,0
52.0,21.1,66.0,123.0,1,1,0
20.0,26.7,84.0,127.0,0,0,0
27.0,31.7,88.0,121.0,1,0,0
37.0,29.5,145.0,123.0,0,0,1
77.0,28.9,103.0,137.0,0,1,0
55.0,22.7,117.0,128.0,1,0,1
40.0,23.8,108.0,137.0,0,0,1
52.0,27.5,87.0,130.0,0,0,0
71.0,31.6,105.0,115.0,0,0,1
39.0,22.9,113.0,110.0,0,1,0
37.0,21.4,91.0,117.0,0,0,0
59.0,32.7,100.0,117.0,0,0,0
49.0,22.3,98.0,116.0,0,0,0
51.0,32.4,75.0,118.0,1,1,0
35.0,28.2,80.0,109.0,1,0,0
69.0,31.4,102.0,138.0,0,1,1
66.0,35.7,106.0,126.0,0,1,1
50.0,30.4,82.0,110.0,0,0,1
52.0,30.9,90.0,115.0,1,0,0
18.0,22.4,85.0,110.0,0,1,0
51.0,23.5,90.0,146.0,0,0,0
39.0,30.2,102.0,123.0,0,0,0
48.0,34.7,97.0,143.0,1,1,1
52.0,34.0,98.0,131.0,0,1,0
37.0,38.6,76.0,98.0,0,1,0
18.0,28.6,74.0,117.0,0,1,0
47.0,28.0,97.0,111.0,0,0,0
32.0,32.0,70.0,102.0,0,0,0
37.0,27.1,95.0,105.0,0,0,0
34.0,26.7,81.0,138.0,0,1,0
37.0,21.8,78.0,96.0,1,0,0
18.0,32.0,99.0,107.0,0,0,0
59.0,21.6,83.0,136.0,1,1,0
46.0,29.6,81.0,129.0,0,0,0
58.0,19.9,82.0,100.0,0,1,0
70.0,32.5,99.0,129.0,1,1,1
42.0,21.9,128.0,110.0,0,0,1
18.0,31.2,65.0,112.0,0,0,1
29.0,19.1,86.0,120.0,0,0,0
25.0,24.8,85.0,106.0,0,0,0
35.0,32.9,106.0,116.0,0,1,0
43.0,23.0,85.0,135.0,1,1,0
18.0,27.3,65.0,90.0,0,0,0
47.0,24.6,110.0,115.0,0,0,1
21.0,16.0,69.0,113.0,0,1,0
46.0,28.5,92.0,106.0,0,0,1
40.0,29.2,73.0,112.0,0,0,0
38.0,21.5,74.0,99.0,0,1,0
41.0,29.9,86.0,122.0,0,1,0
34.0,23.0,101.0,107.0,0,1,0
33.0,22.0,100.0,124.0,0,0,0
18.0,27.0,80.0,124.0,0,1,0
42.0,23.6,97.0,118.0,0,0,0
68.0,38.5,95.0,128.0,0,1,1
70.0,19.2,94.0,127.0,0,0,1
61.0,30.7,98.0,127.0,0,0,1
52.0,31.9,104.0,110.0,0,1,0
33.0,17.1,78.0,124.0,1,1,0
62.0,18.3,89.0,124.0,1,1,0
41.0,29.8,96.0,130.0,1,1,1
41.0,24.6,92.0,101.0,0,1,0
38.0,28.9,81.0,129.0,0,1,1
43.0,32.7,118.0,148.0,0,0,1
36.0,25.1,84.0,124.0,0,1,0
41.0,21.7,100.0,99.0,0,1,1
27.0,16.0,88.0,109.0,0,0,0
37.0,28.0,108.0,117.0,0,0,0
74.0,22.4,65.0,129.0,0,0,1
41.0,28.6,121.0,117.0,0,0,1
39.0,28.2,89.0,125.0,1,1,0
49.0,20.1,73.0,112.0,1,1,0
52.0,35.6,98.0,129.0,1,1,1
26.0,32.4,123.0,109.0,0,1,1
39.0,31.2,100.0,122.0,0,1,1
55.0,21.1,74.0,132.0,0,0,1
46.0,25.0,85.0,113.0,1,1,0
44.0,24.3,109.0,126.0,1,0,0
64.0,24.9,74.0,114.0,0,1,0
33.0,21.4,85.0,109.0,0,1,0
43.0,29.2,89.0,118.0,0,0,0
35.0,28.1,121.0,133.0,0,0,1
63.0,28.8,91.0,117.0,0,0,1
18.0,24.5,105.0,125.0,0,0,1
33.0,33.5,83.0,102.0,0,0,0
35.0,27.9,80.0,115.0,1,0,1
51.0,16.0,103.0,127.0,1,0,0
50.0,23.8,100.0,128.0,0,0,1
62.0,26.7,70.0,113.0,0,1,0
20.0,31.8,99.0,100.0,1,0,1
53.0,25.5,101.0,132.0,0,0,0
38.0,25.7,82.0,102.0,1,1,1
33.0,23.7,92.0,122.0,0,0,0
50.0,30.3,98.0,117.0,0,1,0
29.0,24.8,82.0,114.0,1,0,0
18.0,24.0,79.0,138.0,0,1,0
37.0,23.3,80.0,134.0,0,0,0
21.0,29.8,86.0,124.0,0,1,0
33.0,24.3,71.0,98.0,1,0,0
47.0,18.6,88.0,120.0,0,1,0
46.0,30.1,73.0,123.0,0,0,0
64.0,23.5,95.0,123.0,1,0,1
39.0,28.8,91.0,135.0,1,1,0
21.0,28.9,75.0,93.0,0,0,0
31.0,33.0,104.0,123.0,0,1,0
29.0,32.2,119.0,119.0,1,0,1
25.0,24.1,106.0,103.0,0,0,0
48.0,26.2,73.0,141.0,0,0,0
33.0,20.5,105.0,98.0,0,0,1
18.0,35.4,94.0,116.0,0,1,0
52.0,29.2,93.0,124.0,1,0,0
40.0,34.0,86.0,95.0,1,0,1
47.0,25.4,92.0,102.0,0,1,1
43.0,16.8,107.0,103.0,0,0,0
51.0,34.7,103.0,135.0,0,1,0
43.0,27.5,86.0,131.0,0,1,0
59.0,27.7,85.0,132.0,1,0,0
48.0,27.3,87.0,124.0,0,0,0
47.0,30.2,102.0,96.0,0,1,0
48.0,29.7,119.0,125.0,0,1,1
22.0,19.0,71.0,103.0,0,1,0
40.0,32.4,93.0,135.0,0,1,0
38.0,24.4,85.0,133.0,0,0,0
45.0,24.7,81.0,146.0,0,0,0
23.0,35.6,98.0,126.0,0,0,0
65.0,31.6,104.0,138.0,1,1,1
43.0,25.3,71.0,106.0,0,1,0
25.0,17.7,71.0,110.0,0,0,0
18.0,27.8,105.0,97.0,0,1,0
38.0,29.7,96.0,130.0,0,1,0
41.0,26.6,98.0,104.0,0,0,0
32.0,20.8,81.0,110.0,0,1,0
43.0,23.0,85.0,107.0,0,0,0
33.0,20.7,94.0,107.0,1,0,0
50.0,28.1,86.0,127.0,0,1,0
32.0,31.1,76.0,111.0,0,0,0
41.0,32.1,93.0,124.0,1,1,1
56.0,23.3,105.0,109.0,0,1,0
78.0,28.2,83.0,147.0,0,0,0
28.0,29.8,105.0,108.0,0,1,0
35.0,24.4,99.0,128.0,0,1,0
30.0,26.3,77.0,141.0,1,0,0
53.0,37.6,98.0,98.0,0,1,0
26.0,28.0,89.0,103.0,0,0,0
35.0,31.4,101.0,117.0,0,1,0
42.0,24.8,100.0,132.0,1,1,0
28.0,27.2,71.0,109.0,0,1,0
29.0,18.4,67.0,115.0,0,0,0
35.0,26.9,105.0,108.0,0,0,1
18.0,33.0,92.0,122.0,0,0,0
22.0,37.5,98.0,103.0,1,1,0
36.0,33.0,98.0,130.0,0,1,1
44.0,30.4,114.0,85.0,0,0,0
39.0,27.3,75.0,95.0,0,1,0
18.0,24.0,102.0,132.0,1,0,0
36.0,26.2,79.0,119.0,1,1,0
53.0,30.1,105.0,113.0,0,0,1
50.0,23.1,110.0,146.0,0,0,0
41.0,31.7,74.0,134.0,0,1,0
30.0,22.1,93.0,126.0,0,0,0
51.0,18.1,85.0,112.0,0,1,0
34.0,21.9,84.0,121.0,0,1,0
26.0,18.7,86.0,116.0,1,0,0
31.0,20.1,73.0,92.0,0,1,0
62.0,32.7,83.0,135.0,1,1,0
45.0,26.0,101.0,117.0,0,0,0
58.0,28.1,106.0,140.0,1,0,1
35.0,32.8,85.0,136.0,0,1,0
55.0,33.3,76.0,118.0,1,0,0
34.0,24.5,121.0,108.0,0,0,1
40.0,33.6,109.0,124.0,1,0,1
77.0,28.9,102.0,138.0,0,1,0
53.0,27.0,79.0,117.0,0,0,0
35.0,29.2,83.0,116.0,0,1,0
41.0,19.9,92.0,122.0,1,1,0
47.0,23.1,77.0,123.0,0,0,0
59.0,26.5,116.0,138.0,0,1,1
35.0,30.0,94.0,121.0,0,1,1
18.0,25.1,93.0,100.0,0,0,0
38.0,26.4,76.0,96.0,0,1,0
42.0,31.8,81.0,131.0,0,0,0
44.0,34.1,84.0,119.0,0,0,1
60.0,30.8,100.0,122.0,0,0,0
46.0,33.3,91.0,120.0,0,0,0
53.0,25.0,88.0,102.0,0,0,0
27.0,25.5,93.0,109.0,1,0,0
54.0,28.6,97.0,91.0,0,0,0
71.0,25.5,116.0,122.0,0,1,1
53.0,24.5,89.0,110.0,0,0,1
46.0,35.3,81.0,147.0,0,0,0
44.0,26.0,91.0,124.0,0,1,0
67.0,22.2,114.0,121.0,0,0,1
29.0,29.4,83.0,118.0,0,1,0
40.0,36.2,96.0,132.0,0,0,0
48.0,27.4,88.0,112.0,1,1,0
52.0,33.2,101.0,122.0,0,1,0
36.0,24.8,93.0,112.0,1,0,1
46.0,24.5,80.0,149.0,1,1,0
38.0,23.6,86.0,117.0,0,1,0
44.0,26.3,104.0,95.0,0,0,1
40.0,36.2,110.0,133.0,0,0,1
26.0,21.2,100.0,143.0,0,0,1
42.0,35.2,107.0,111.0,0,1,1
54.0,22.0,87.0,163.0,1,0,0
28.0,25.8,84.0,113.0,0,0,0
39.0,31.2,105.0,132.0,0,1,0
51.0,30.2,78.0,116.0,0,1,0
27.0,28.4,89.0,112.0,0,1,0
45.0,18.8,65.0,100.0,1,0,0
27.0,28.8,85.0,102.0,0,1,0
58.0,21.9,82.0,95.0,0,0,0
74.0,39.8,85.0,149.0,0,0,0
70.0,25.9,103.0,113.0,0,0,1
39.0,27.9,81.0,123.0,0,1,0
52.0,21.3,86.0,123.0,0,1,0
44.0,24.6,87.0,110.0,0,1,0
43.0,20.5,79.0,117.0,0,0,0
64.0,31.9,116.0,127.0,0,0,1
24.0,25.7,81.0,106.0,1,0,0
57.0,29.8,98.0,125.0,0,0,1
41.0,23.6,72.0,117.0,0,1,0
62.0,24.5,87.0,111.0,1,0,0
45.0,33.4,90.0,107.0,0,0,0
33.0,22.1,84.0,103.0,0,0,0
46.0,18.0,80.0,117.0,1,1,0
52.0,29.0,96.0,140.0,0,0,1
43.0,21.3,111.0,134.0,0,1,0
49.0,24.8,90.0,124.0,0,0,1
35.0,31.6,90.0,131.0,0,0,1
18.0,22.9,81.0,111.0,0,1,0
55.0,31.4,130.0,138.0,0,1,1
52.0,23.6,114.0,122.0,0,0,0
44.0,34.5,103.0,128.0,1,0,1
43.0,33.6,104.0,119.0,0,1,0
57.0,24.6,83.0,122.0,1,1,1
36.0,25.9,88.0,140.0,0,0,0
32.0,22.8,91.0,99.0,0,1,0
39.0,28.0,93.0,118.0,0,1,0
59.0,32.7,85.0,119.0,1,1,1
23.0,19.8,75.0,121.0,0,0,0
59.0,31.6,103.0,148.0,0,0,1
33.0,20.4,92.0,109.0,0,0,0
27.0,22.7,65.0,85.0,0,1,0
60.0,18.1,92.0,127.0,0,0,0
41.0,37.5,113.0,131.0,0,1,1
24.0,27.3,80.0,92.0,0,1,0
37.0,28.2,95.0,115.0,0,1,0
55.0,23.6,72.0,120.0,0,0,0
59.0,32.3,108.0,98.0,1,0,1
36.0,16.5,71.0,120.0,0,1,0
48.0,27.1,75.0,126.0,0,1,0
52.0,38.0,93.0,130.0,0,1,0
33.0,25.1,122.0,102.0,0,1,1
47.0,27.1,84.0,111.0,1,1,0
42.0,30.4,76.0,112.0,0,0,0
34.0,22.9,95.0,120.0,0,0,0
35.0,27.1,94.0,104.0,0,1,0
43.0,31.8,116.0,140.0,0,0,0
42.0,28.0,75.0,124.0,1,0,0
34.0,28.9,69.0,90.0,0,1,0
36.0,25.3,86.0,137.0,0,1,0
58.0,28.6,100.0,126.0,0,1,0
45.0,27.3,97.0,113.0,0,0,1
54.0,34.3,111.0,127.0,0,0,0
59.0,30.6,75.0,103.0,0,0,0
50.0,25.8,81.0,123.0,0,0,0
74.0,16.0,90.0,92.0,0,1,0
30.0,30.6,103.0,104.0,0,1,1
53.0,30.8,101.0,141.0,0,0,0
38.0,22.4,83.0,131.0,0,0,0
68.0,17.0,77.0,117.0,0,0,0
66.0,21.3,105.0,111.0,0,0,1
18.0,31.6,103.0,125.0,0,1,0
28.0,21.7,125.0,111.0,0,1,0
51.0,24.7,90.0,123.0,0,1,0
53.0,28.1,116.0,130.0,0,1,1
52.0,33.1,79.0,111.0,0,1,0
41.0,26.9,84.0,128.0,0,1,0
48.0,26.5,83.0,94.0,0,1,0
51.0,24.3,85.0,138.0,0,0,0
41.0,35.2,83.0,103.0,0,1,0
56.0,32.3,88.0,118.0,0,1,0
18.0,26.5,87.0,103.0,0,0,0
51.0,20.0,84.0,127.0,1,0,0
28.0,23.0,97.0,122.0,0,0,1
55.0,29.9,94.0,128.0,0,1,1
39.0,23.4,90.0,123.0,1,1,0
30.0,31.5,112.0,123.0,0,0,0
47.0,28.8,97.0,120.0,0,0,1
29.0,28.5,92.0,92.0,0,0,0
29.0,30.3,91.0,88.0,0,0,1
20.0,29.5,90.0,85.0,0,0,0
42.0,22.7,98.0,116.0,1,1,0
49.0,25.4,81.0,117.0,0,0,0
56.0,38.7,114.0,127.0,1,1,1
40.0,21.0,110.0,118.0,0,1,0
57.0,24.6,109.0,119.0,0,1,0
42.0,32.3,87.0,109.0,0,0,0
41.0,26.2,69.0,99.0,0,0,0
50.0,22.9,85.0,95.0,0,1,0
57.0,20.4,93.0,135.0,0,0,0
37.0,29.7,103.0,130.0,0,0,0
39.0,32.1,91.0,103.0,1,1,0
40.0,34.0,90.0,118.0,0,0,0
43.0,27.3,113.0,124.0,1,0,1
29.0,32.2,83.0,137.0,0,1,0
56.0,21.8,106.0,113.0,0,0,0
36.0,27.8,103.0,119.0,0,0,1
48.0,23.6,73.0,133.0,1,0,0
30.0,27.9,94.0,94.0,0,0,0
47.0,30.8,86.0,113.0,1,1,1
47.0,32.3,82.0,122.0,0,1,0
36.0,22.1,65.0,105.0,0,1,1
70.0,33.3,77.0,157.0,0,0,1
47.0,24.6,97.0,130.0,0,1,0
67.0,21.9,88.0,126.0,0,0,0
55.0,26.1,97.0,110.0,1,0,1
33.0,19.7,73.0,123.0,0,0,0
37.0,27.0,86.0,125.0,1,1,0
48.0,28.4,89.0,114.0,1,0,0
43.0,26.0,70.0,113.0,0,0,0
43.0,29.7,70.0,102.0,0,0,0
38.0,25.4,96.0,115.0,1,0,1
18.0,27.0,90.0,122.0,0,1,0
39.0,19.8,75.0,126.0,0,0,0
18.0,27.2,87.0,119.0,0,0,0
47.0,22.7,100.0,128.0,0,1,0
32.0,24.8,114.0,107.0,0,1,0
32.0,26.5,78.0,109.0,0,0,0
39.0,28.0,100.0,133.0,0,0,0
46.0,18.8,118.0,121.0,0,0,0
22.0,19.2,86.0,98.0,0,1,0
18.0,25.5,108.0,117.0,1,1,0
27.0,29.4,65.0,125.0,0,0,0
18.0,28.8,109.0,121.0,0,0,1
28.0,31.5,91.0,118.0,0,0,0
64.0,33.5,72.0,122.0,1,1,1
27.0,29.5,101.0,120.0,0,1,0
51.0,26.9,107.0,142.0,0,1,0
23.0,21.8,103.0,112.0,1,1,0
46.0,22.3,107.0,109.0,0,1,0
38.0,24.7,90.0,120.0,0,1,0
41.0,28.3,82.0,103.0,1,1,0
50.0,28.1,87.0,124.0,0,1,0
67.0,27.0,95.0,122.0,0,0,0
45.0,26.2,97.0,131.0,1,1,1
44.0,30.2,87.0,122.0,0,1,0
28.0,28.0,91.0,128.0,1,0,0
50.0,28.5,105.0,150.0,0,0,1
39.0,28.5,96.0,115.0,0,1,0
54.0,24.3,124.0,110.0,0,0,0
41.0,21.8,119.0,121.0,0,1,0
66.0,29.5,80.0,126.0,0,1,0
18.0,29.1,81.0,114.0,0,0,0
38.0,25.9,73.0,109.0,1,1,0
54.0,24.9,77.0,128.0,0,1,0
37.0,38.4,103.0,123.0,0,1,0
31.0,23.2,75.0,86.0,0,1,0
38.0,25.9,76.0,114.0,1,0,0
23.0,28.3,86.0,117.0,0,0,1
44.0,21.2,101.0,131.0,0,1,0
76.0,27.6,92.0,122.0,0,1,0
58.0,36.0,93.0,118.0,0,0,0
26.0,31.7,104.0,130.0,0,1,0
30.0,30.2,98.0,109.0,0,0,0
36.0,30.0,98.0,119.0,0,0,0
56.0,27.6,107.0,129.0,1,0,0
30.0,31.8,78.0,126.0,0,1,0
32.0,26.2,93.0,115.0,0,1,0
54.0,24.9,84.0,107.0,0,0,0
54.0,27.5,108.0,135.0,0,0,1
37.0,31.5,104.0,114.0,0,1,0
26.0,28.7,76.0,108.0,0,1,0
20.0,30.4,108.0,138.0,0,1,0
32.0,16.9,70.0,121.0,0,1,0
18.0,33.0,106.0,101.0,1,0,0
52.0,38.7,101.0,121.0,0,1,0
33.0,33.7,81.0,116.0,1,0,0
49.0,25.4,77.0,110.0,0,0,0
68.0,22.8,90.0,100.0,0,1,1
58.0,28.4,94.0,134.0,1,0,0
26.0,22.1,77.0,121.0,0,0,0
54.0,30.6,103.0,127.0,0,1,1
58.0,24.4,74.0,117.0,1,0,0
32.0,31.8,92.0,120.0,0,1,0
29.0,33.8,92.0,126.0,0,1,0
40.0,16.8,65.0,100.0,0,1,0
20.0,28.5,93.0,108.0,1,1,1
63.0,23.5,76.0,116.0,0,0,0
18.0,20.0,65.0,116.0,0,0,0
27.0,23.9,80.0,115.0,1,1,0
38.0,25.9,87.0,100.0,0,0,0
39.0,32.2,106.0,112.0,0,0,1
44.0,19.4,82.0,137.0,0,1,0
46.0,32.3,115.0,110.0,0,1,0
39.0,37.1,115.0,124.0,0,1,0
58.0,30.0,110.0,117.0,0,1,1
18.0,29.7,107.0,128.0,0,0,0
42.0,26.9,96.0,117.0,0,1,0
32.0,21.1,80.0,107.0,1,1,0
44.0,29.7,102.0,105.0,0,1,0
45.0,28.9,106.0,117.0,0,1,0
29.0,30.7,94.0,127.0,0,1,0
33.0,39.8,92.0,130.0,0,0,0
53.0,30.6,73.0,107.0,0,0,0
47.0,29.1,102.0,140.0,0,1,1
32.0,34.8,98.0,116.0,0,0,0
71.0,20.3,75.0,110.0,0,0,0
74.0,21.3,96.0,127.0,0,0,0
22.0,25.1,98.0,103.0,0,1,0
46.0,23.7,89.0,111.0,0,1,0
77.0,30.5,109.0,123.0,0,0,1
53.0,25.4,103.0,120.0,1,0,0
45.0,35.7,75.0,117.0,0,0,0
39.0,34.6,90.0,100.0,0,0,0
34.0,30.9,99.0,124.0,0,1,0
39.0,25.1,103.0,110.0,0,0,0
34.0,30.1,111.0,132.0,0,0,1
52.0,31.1,68.0,130.0,0,1,0
36.0,21.7,88.0,121.0,0,0,1
36.0,28.7,101.0,119.0,0,1,0
25.0,30.5,107.0,131.0,1,1,1
41.0,28.1,115.0,114.0,1,0,1
29.0,34.9,80.0,106.0,1,0,0
39.0,33.1,88.0,125.0,0,1,0
57.0,22.9,78.0,87.0,0,1,0
47.0,27.6,104.0,115.0,1,1,0
49.0,22.8,73.0,121.0,0,1,0
47.0,29.9,110.0,116.0,0,0,0
43.0,22.7,103.0,132.0,0,0,1
40.0,31.6,100.0,129.0,0,0,0
38.0,28.9,65.0,119.0,1,1,0
53.0,31.9,86.0,119.0,0,0,0
27.0,26.3,99.0,127.0,1,1,0
61.0,19.7,72.0,112.0,0,0,0
42.0,35.8,92.0,118.0,0,1,0
32.0,26.1,88.0,124.0,0,1,0
35.0,33.9,106.0,127.0,1,1,0
33.0,29.2,95.0,142.0,0,1,0
44.0,30.4,97.0,118.0,0,1,1
32.0,36.1,88.0,96.0,1,1,0
58.0,28.7,95.0,132.0,0,1,1
31.0,34.0,91.0,134.0,0,0,1
18.0,19.6,95.0,105.0,1,0,0
32.0,31.4,89.0,137.0,0,1,0
18.0,25.8,102.0,132.0,0,1,0
41.0,26.3,68.0,109.0,0,0,0
57.0,27.0,110.0,117.0,1,1,1
51.0,28.7,91.0,106.0,0,1,0
23.0,35.3,108.0,123.0,1,0,1
31.0,17.7,87.0,119.0,0,0,0
67.0,27.2,107.0,133.0,0,1,0
46.0,23.4,111.0,102.0,0,1,0
42.0,32.8,86.0,112.0,0,0,0
57.0,24.9,94.0,104.0,1,1,1
76.0,29.3,95.0,110.0,1,1,0
60.0,25.0,96.0,106.0,1,0,1
44.0,30.3,71.0,101.0,0,1,0
47.0,32.1,92.0,120.0,0,0,0
51.0,25.0,89.0,125.0,0,1,1
33.0,27.2,79.0,123.0,1,1,1
27.0,19.9,84.0,110.0,0,1,0
43.0,28.5,71.0,111.0,1,0,1
29.0,31.3,111.0,116.0,0,0,1
41.0,24.2,96.0,123.0,1,1,0
43.0,32.6,120.0,118.0,0,0,1
75.0,16.6,80.0,123.0,1,1,0
30.0,17.7,70.0,106.0,0,1,0
40.0,20.1,92.0,108.0,0,0,0
40.0,24.6,67.0,117.0,0,1,0
48.0,27.1,96.0,106.0,0,0,0
57.0,26.6,84.0,135.0,1,0,0
35.0,26.7,86.0,96.0,0,0,0
31.0,30.6,95.0,122.0,1,0,0
19.0,24.6,88.0,93.0,1,0,0
29.0,20.7,113.0,130.0,0,0,0
50.0,20.8,99.0,128.0,0,0,0
43.0,37.6,78.0,113.0,0,0,1
28.0,16.0,99.0,103.0,0,0,0
37.0,26.1,72.0,102.0,1,0,0
42.0,34.3,96.0,121.0,1,1,0
49.0,29.4,76.0,126.0,0,0,0
34.0,22.9,77.0,145.0,0,0,0
38.0,27.0,109.0,100.0,0,1,0
18.0,31.3,82.0,128.0,0,0,0
26.0,33.0,83.0,109.0,0,0,1
65.0,22.5,85.0,126.0,0,0,0
18.0,30.8,85.0,124.0,0,1,0
37.0,28.3,111.0,124.0,0,0,1
45.0,32.5,78.0,127.0,0,0,1
37.0,34.0,76.0,117.0,0,1,0
31.0,25.3,97.0,114.0,0,1,0
41.0,19.8,66.0,116.0,1,0,0
42.0,29.0,87.0,134.0,0,0,0
41.0,35.9,111.0,104.0,0,0,0
18.0,30.4,89.0,106.0,0,1,0
40.0,28.2,85.0,103.0,0,1,0
30.0,39.0,85.0,109.0,0,1,0
34.0,21.8,76.0,103.0,0,0,0
45.0,31.5,86.0,135.0,0,1,1
51.0,24.1,94.0,146.0,0,1,0
55.0,27.2,111.0,139.0,0,0,0
35.0,27.4,104.0,102.0,1,0,0
55.0,34.6,89.0,127.0,1,1,0
58.0,22.3,82.0,107.0,0,0,0
58.0,24.3,102.0,127.0,0,1,0
61.0,19.0,66.0,136.0,0,0,0
40.0,29.4,86.0,126.0,0,1,0
40.0,24.7,86.0,127.0,1,1,0
54.0,29.1,79.0,121.0,0,1,1
23.0,21.6,73.0,85.0,0,1,0
45.0,25.2,96.0,94.0,1,0,0
35.0,32.2,69.0,117.0,0,1,0
37.0,26.1,78.0,123.0,0,1,0
18.0,30.1,80.0,128.0,0,0,1
30.0,29.6,92.0,111.0,0,0,1
42.0,25.2,72.0,118.0,1,1,0
54.0,19.2,105.0,121.0,0,1,0
56.0,31.9,91.0,138.0,0,0,1
41.0,27.9,88.0,117.0,1,1,0
39.0,31.9,88.0,106.0,0,1,0
30.0,16.9,76.0,123.0,1,0,0
48.0,18.7,75.0,121.0,0,1,0
39.0,16.3,102.0,116.0,0,1,0
50.0,22.6,94.0,103.0,1,1,0
67.0,32.2,95.0,128.0,1,0,1
42.0,29.8,106.0,98.0,0,1,0
21.0,26.8,78.0,87.0,1,1,0
30.0,27.7,98.0,112.0,0,0,1
22.0,30.8,90.0,108.0,0,1,0
25.0,25.5,76.0,119.0,1,0,0
60.0,29.0,105.0,142.0,1,0,1
45.0,27.7,71.0,119.0,0,1,0
21.0,16.1,93.0,128.0,0,1,0
51.0,25.1,79.0,113.0,0,1,0
60.0,33.8,102.0,136.0,0,0,1
37.0,25.0,109.0,100.0,0,1,0
33.0,26.3,97.0,116.0,1,0,1
37.0,24.0,81.0,111.0,0,1,0
46.0,24.6,90.0,115.0,0,0,0
51.0,32.6,90.0,131.0,0,1,0
59.0,25.7,77.0,99.0,0,1,0
59.0,21.9,76.0,122.0,0,1,0
59.0,16.0,90.0,107.0,1,1,0
61.0,24.1,100.0,124.0,1,1,1
51.0,17.2,65.0,121.0,0,1,0
21.0,17.9,83.0,102.0,0,0,0
40.0,31.0,99.0,115.0,1,0,1
46.0,30.5,94.0,107.0,0,1,1
37.0,17.4,72.0,118.0,0,1,0
55.0,31.3,109.0,116.0,0,1,0
37.0,29.3,74.0,123.0,1,0,1
29.0,23.1,96.0,95.0,1,0,0
62.0,30.7,117.0,143.0,1,0,1
51.0,18.9,65.0,104.0,1,1,0
45.0,21.0,92.0,130.0,0,1,0
55.0,19.8,94.0,113.0,0,0,0
57.0,21.4,94.0,126.0,1,1,0
47.0,31.4,83.0,120.0,0,1,0
18.0,20.3,80.0,116.0,0,0,0
33.0,21.2,68.0,112.0,0,1,0
36.0,22.2,90.0,129.0,0,0,0
28.0,28.0,96.0,123.0,0,1,0
45.0,25.3,81.0,126.0,1,1,0
59.0,31.3,82.0,146.0,1,1,0
35.0,23.4,82.0,106.0,1,0,0
26.0,20.6,86.0,126.0,0,1,0
70.0,24.5,95.0,126.0,1,0,0
36.0,27.2,88.0,98.0,0,0,0
25.0,22.3,87.0,116.0,0,0,0
45.0,28.4,74.0,117.0,1,0,1
48.0,36.1,65.0,145.0,0,0,0
32.0,24.1,97.0,108.0,0,0,0
53.0,27.2,112.0,122.0,1,1,1
35.0,33.7,73.0,122.0,0,1,0
29.0,23.7,78.0,89.0,1,1,0
45.0,22.7,93.0,123.0,0,1,0
53.0,21.5,103.0,106.0,0,0,0
33.0,28.9,99.0,134.0,0,0,0
47.0,29.5,110.0,141.0,0,0,0
41.0,26.2,89.0,117.0,0,1,0
80.0,27.1,102.0,110.0,0,1,1
32.0,33.3,97.0,120.0,0,1,0
61.0,31.2,89.0,128.0,0,0,0
41.0,19.9,104.0,123.0,0,1,1
40.0,26.9,99.0,114.0,0,0,0
52.0,27.4,106.0,107.0,1,0,1
55.0,30.5,89.0,122.0,0,1,0
60.0,25.8,107.0,111.0,0,0,1
47.0,23.7,76.0,140.0,0,1,0
34.0,24.6,94.0,106.0,1,0,1
34.0,18.0,65.0,103.0,0,0,0
49.0,26.7,78.0,119.0,1,1,1
50.0,23.9,101.0,104.0,0,1,0
62.0,29.2,88.0,119.0,1,1,1
48.0,21.7,92.0,115.0,0,0,0
57.0,24.7,70.0,115.0,1,1,0
63.0,22.0,113.0,119.0,0,0,0
44.0,21.5,97.0,131.0,1,0,0
21.0,30.3,88.0,119.0,0,1,0
25.0,24.5,93.0,95.0,0,0,0
22.0,29.1,93.0,108.0,0,1,0
64.0,21.2,111.0,131.0,0,0,0
30.0,27.3,92.0,107.0,0,0,0
59.0,18.4,70.0,120.0,0,0,0
50.0,24.4,87.0,119.0,0,0,0
66.0,24.3,111.0,130.0,0,0,1
56.0,29.7,102.0,121.0,0,1,0
41.0,27.7,85.0,116.0,0,0,0
39.0,25.9,98.0,106.0,0,1,0
43.0,31.0,94.0,125.0,0,1,1
44.0,27.7,100.0,108.0,0,1,0
35.0,29.5,69.0,138.0,1,1,0
42.0,30.6,80.0,119.0,1,0,1
65.0,26.5,103.0,122.0,0,0,1
18.0,25.3,83.0,120.0,0,0,0
46.0,28.4,97.0,119.0,0,0,1
29.0,24.7,115.0,114.0,0,1,0
45.0,28.7,87.0,119.0,0,1,0
54.0,32.3,98.0,115.0,0,0,0
41.0,31.0,84.0,108.0,0,0,0
53.0,24.9,83.0,112.0,0,0,1
20.0,20.4,84.0,122.0,0,0,0
57.0,26.5,73.0,115.0,1,0,0
34.0,26.1,65.0,110.0,0,1,0
51.0,32.3,113.0,118.0,0,1,1
45.0,24.9,89.0,126.0,0,1,0
18.0,25.7,102.0,135.0,0,1,0
31.0,30.4,92.0,105.0,1,1,1
45.0,24.4,92.0,124.0,0,1,1
64.0,26.0,103.0,125.0,0,0,0
46.0,35.3,104.0,120.0,1,1,1
46.0,34.2,78.0,129.0,0,1,0
22.0,29.9,105.0,98.0,0,1,0
62.0,28.1,81.0,135.0,0,1,0
67.0,21.9,95.0,126.0,0,0,1
42.0,29.6,127.0,107.0,0,1,0
39.0,27.1,91.0,137.0,0,1,0
19.0,27.9,110.0,122.0,0,0,0
54.0,24.2,87.0,135.0,0,0,0
80.0,26.7,105.0,111.0,1,0,0
52.0,25.8,92.0,117.0,0,1,0
60.0,28.3,100.0,118.0,0,0,1
50.0,33.9,83.0,131.0,0,1,1
28.0,28.6,77.0,131.0,0,1,0
61.0,18.5,95.0,96.0,0,1,0
25.0,21.9,65.0,111.0,1,1,0
39.0,18.9,75.0,111.0,0,1,1
46.0,22.8,98.0,129.0,0,0,0
54.0,29.6,85.0,122.0,0,0,0
48.0,28.8,80.0,105.0,1,1,0
47.0,23.8,75.0,116.0,0,0,0
31.0,28.1,91.0,103.0,1,0,0
24.0,23.0,81.0,101.0,0,0,0
43.0,19.7,90.0,115.0,1,1,0
32.0,19.7,84.0,105.0,0,1,0
24.0,22.5,111.0,114.0,0,0,0
24.0,33.8,85.0,97.0,0,0,0
35.0,20.1,65.0,141.0,1,0,1
18.0,33.0,91.0,129.0,0,0,0
23.0,33.4,90.0,124.0,0,0,0
19.0,25.8,89.0,95.0,0,1,0
45.0,26.5,69.0,92.0,0,1,0
48.0,23.7,106.0,107.0,0,0,1
70.0,26.6,94.0,123.0,0,1,0
21.0,30.0,88.0,141.0,0,0,0
32.0,26.8,68.0,131.0,1,0,0
55.0,31.7,101.0,118.0,0,1,0
39.0,32.7,92.0,135.0,0,1,0
37.0,28.5,109.0,132.0,1,1,1
66.0,28.4,89.0,126.0,0,0,1
37.0,26.4,73.0,131.0,0,1,0
26.0,28.5,91.0,118.0,0,1,1
24.0,21.2,73.0,102.0,0,1,0
47.0,28.8,98.0,106.0,0,1,0
46.0,27.8,77.0,118.0,1,1,0
23.0,22.4,84.0,122.0,0,0,0
28.0,37.5,90.0,102.0,0,1,0
49.0,21.9,89.0,98.0,0,1,0
50.0,22.4,83.0,125.0,0,0,0
33.0,28.1,79.0,85.0,0,0,0
51.0,17.1,87.0,138.0,0,0,0
50.0,22.8,82.0,113.0,0,0,0
18.0,19.1,86.0,116.0,0,0,0
38.0,21.9,84.0,137.0,0,0,0
48.0,26.1,65.0,101.0,0,1,0
34.0,28.3,89.0,103.0,0,0,1
18.0,32.2,108.0,141.0,0,1,0
38.0,30.8,96.0,115.0,0,0,0
53.0,32.6,103.0,122.0,1,1,0
64.0,29.7,101.0,129.0,0,1,1
18.0,24.4,80.0,122.0,1,0,0
79.0,32.3,80.0,148.0,1,0,0
26.0,24.3,98.0,113.0,0,0,0
55.0,23.7,106.0,116.0,0,1,0
59.0,34.4,104.0,126.0,0,1,0
56.0,30.7,100.0,128.0,0,0,0
44.0,27.8,97.0,135.0,0,1,1
26.0,30.5,89.0,117.0,0,0,1
51.0,31.1,97.0,145.0,0,1,1
32.0,19.9,86.0,101.0,0,1,0
18.0,26.3,91.0,117.0,0,0,0
80.0,20.8,81.0,148.0,0,0,0
52.0,27.3,84.0,137.0,1,1,0
67.0,23.4,101.0,128.0,0,0,0
29.0,33.5,87.0,107.0,1,1,0
63.0,29.3,65.0,117.0,0,1,0
64.0,22.7,94.0,121.0,0,0,0
64.0,26.6,65.0,128.0,0,1,0
42.0,20.7,114.0,112.0,1,0,1
25.0,26.9,98.0,95.0,0,1,0
40.0,29.5,100.0,109.0,0,1,1
18.0,28.0,79.0,118.0,0,1,0
18.0,17.1,68.0,116.0,1,0,0
43.0,25.0,87.0,100.0,0,1,0
28.0,29.3,90.0,110.0,0,0,0
40.0,28.2,80.0,97.0,0,0,0
40.0,32.5,95.0,113.0,0,1,0
69.0,20.3,101.0,166.0,0,0,1
60.0,29.3,102.0,125.0,1,0,0
41.0,23.5,75.0,112.0,1,1,0
59.0,27.7,65.0,116.0,0,1,0
31.0,28.7,90.0,101.0,0,1,0
37.0,30.1,82.0,95.0,0,1,0
55.0,23.8,97.0,120.0,1,1,1
25.0,27.6,110.0,110.0,0,1,1
38.0,20.9,110.0,132.0,1,0,1
24.0,19.7,89.0,89.0,0,1,0
44.0,29.5,107.0,125.0,1,0,0
65.0,26.4,116.0,141.0,0,1,0
31.0,18.6,86.0,87.0,1,0,0
45.0,22.5,93.0,125.0,0,1,0
29.0,26.8,100.0,94.0,0,0,1
26.0,34.5,91.0,123.0,0,0,0
25.0,31.9,83.0,133.0,0,1,0
62.0,30.7,85.0,126.0,0,1,1
75.0,17.8,92.0,127.0,1,1,0
49.0,26.2,83.0,111.0,0,1,0
32.0,29.1,101.0,120.0,0,0,0
52.0,28.7,88.0,136.0,0,1,1
37.0,28.8,110.0,115.0,0,0,0
53.0,25.5,108.0,119.0,0,0,1
46.0,35.5,78.0,128.0,0,1,0
46.0,34.1,109.0,133.0,0,1,0
51.0,26.2,86.0,100.0,0,1,0
34.0,21.8,106.0,114.0,0,0,0
36.0,37.0,101.0,113.0,1,0,0
18.0,23.9,85.0,115.0,0,0,0
36.0,32.7,101.0,132.0,0,1,0
22.0,36.3,84.0,120.0,0,0,0
40.0,22.0,93.0,131.0,1,0,0
29.0,28.2,95.0,102.0,0,0,1
43.0,25.0,88.0,112.0,1,0,0
48.0,29.3,98.0,109.0,0,1,0
22.0,28.3,75.0,113.0,0,0,0
31.0,36.4,100.0,120.0,0,1,0
29.0,29.7,74.0,113.0,0,0,0
52.0,26.7,101.0,106.0,0,0,0
66.0,32.3,103.0,127.0,0,1,1
54.0,25.3,102.0,115.0,1,0,0
37.0,24.9,82.0,123.0,0,0,0
63.0,37.9,139.0,126.0,0,1,1
21.0,22.6,83.0,124.0,1,0,0
63.0,24.3,95.0,126.0,0,1,1
33.0,26.9,80.0,92.0,1,0,0
18.0,21.4,104.0,106.0,0,1,0
79.0,16.2,86.0,106.0,0,1,0
64.0,32.0,110.0,139.0,0,1,1
28.0,22.8,75.0,129.0,0,1,1
44.0,24.0,94.0,117.0,0,1,0
39.0,24.8,85.0,121.0,0,0,0
43.0,21.8,102.0,98.0,1,0,0
21.0,21.3,82.0,85.0,0,1,0
32.0,27.5,78.0,109.0,0,0,0
49.0,38.7,103.0,123.0,0,0,1
45.0,30.4,77.0,102.0,0,1,0
59.0,30.4,82.0,126.0,0,1,1
43.0,19.2,98.0,118.0,0,1,1
75.0,26.6,71.0,136.0,0,1,0
32.0,20.8,97.0,131.0,0,0,0
46.0,30.6,88.0,131.0,0,0,1
18.0,25.6,75.0,106.0,0,1,0
24.0,26.9,92.0,114.0,0,0,1
61.0,26.3,102.0,131.0,0,1,0
29.0,23.8,80.0,100.0,0,1,0
49.0,19.1,87.0,133.0,0,0,0
41.0,29.6,103.0,130.0,0,1,0
27.0,19.8,96.0,107.0,1,0,0
37.0,20.8,87.0,106.0,1,0,0
35.0,25.2,79.0,162.0,0,1,0
35.0,23.2,76.0,124.0,0,1,0
53.0,28.0,85.0,133.0,0,0,0
51.0,31.8,104.0,145.0,0,1,0
34.0,27.9,98.0,128.0,0,0,0
29.0,27.7,94.0,117.0,0,1,0
46.0,26.8,110.0,128.0,0,0,1
41.0,31.0,89.0,108.0,0,1,0
56.0,17.5,85.0,126.0,1,1,0
79.0,28.5,93.0,111.0,0,0,0
54.0,22.0,117.0,124.0,1,0,0
42.0,20.5,65.0,122.0,1,1,1
40.0,26.7,95.0,98.0,1,0,0
30.0,24.8,95.0,137.0,0,0,1
29.0,29.6,91.0,101.0,0,0,0
28.0,32.2,122.0,129.0,0,0,1
36.0,16.0,102.0,104.0,0,0,0
36.0,26.3,101.0,120.0,1,1,0
52.0,36.5,85.0,118.0,1,1,1
36.0,31.0,99.0,149.0,0,1,0
39.0,33.9,89.0,133.0,0,0,1
25.0,27.2,90.0,135.0,0,1,0
65.0,19.5,95.0,131.0,1,0,0
49.0,21.1,84.0,126.0,0,1,0
67.0,30.3,105.0,129.0,1,0,1
53.0,31.5,117.0,121.0,0,0,0
63.0,23.0,107.0,130.0,0,1,0
39.0,25.4,93.0,118.0,0,1,0
52.0,28.0,68.0,120.0,1,1,0
80.0,18.0,108.0,108.0,0,1,0
25.0,25.0,103.0,108.0,0,0,1
58.0,34.8,95.0,134.0,0,0,0
66.0,37.6,93.0,125.0,1,1,1
48.0,26.2,101.0,124.0,0,1,1
53.0,35.9,86.0,124.0,0,0,1
60.0,24.1,104.0,109.0,0,1,0
33.0,22.7,74.0,102.0,0,1,0
48.0,16.0,76.0,105.0,0,1,0
30.0,31.5,92.0,113.0,1,0,0
32.0,24.8,70.0,111.0,0,1,0
33.0,38.4,95.0,135.0,0,1,0
40.0,28.4,99.0,105.0,0,1,0
44.0,27.6,75.0,94.0,0,0,0
48.0,17.7,101.0,124.0,0,1,0
22.0,34.2,84.0,110.0,0,0,0
70.0,24.9,102.0,124.0,0,0,0
59.0,25.9,97.0,154.0,0,0,1
52.0,16.0,83.0,134.0,1,1,0
37.0,31.3,86.0,126.0,0,0,1
41.0,31.7,71.0,132.0,0,0,0
50.0,23.7,83.0,120.0,0,0,0
48.0,27.2,83.0,132.0,0,1,1
18.0,28.7,111.0,104.0,0,0,0
53.0,31.5,109.0,115.0,1,0,1
80.0,27.2,80.0,124.0,0,0,0
18.0,35.3,102.0,135.0,1,1,0
56.0,25.5,96.0,141.0,0,0,0
47.0,23.7,86.0,111.0,0,0,0
40.0,24.4,97.0,131.0,0,1,0
62.0,16.0,101.0,117.0,1,0,0
25.0,22.7,80.0,124.0,1,1,0
44.0,31.8,91.0,118.0,0,0,0
63.0,28.0,98.0,137.0,0,0,1
39.0,22.6,77.0,114.0,0,1,0
36.0,28.5,94.0,114.0,0,0,0
44.0,16.6,87.0,113.0,0,0,0
36.0,25.3,81.0,118.0,0,0,1
64.0,29.3,85.0,119.0,1,1,0
29.0,30.2,95.0,99.0,0,0,0
55.0,22.9,104.0,141.0,0,0,0
24.0,31.3,95.0,110.0,1,0,1
52.0,36.1,86.0,103.0,1,1,0
40.0,24.6,101.0,89.0,0,1,0
18.0,30.4,92.0,85.0,0,1,0
42.0,18.9,96.0,107.0,0,0,0
27.0,16.9,101.0,126.0,1,1,0
36.0,29.8,80.0,98.0,1,0,0
64.0,26.9,93.0,121.0,0,1,0
26.0,27.7,82.0,91.0,0,1,0
27.0,23.8,77.0,126.0,0,1,0
63.0,25.3,121.0,128.0,1,1,1
44.0,30.8,106.0,125.0,0,0,1
64.0,35.3,75.0,146.0,0,1,0
47.0,25.7,98.0,139.0,0,0,0
29.0,18.5,79.0,123.0,0,1,0
41.0,33.1,109.0,114.0,0,1,0
60.0,29.8,97.0,109.0,0,0,0
56.0,30.2,93.0,111.0,0,1,1
42.0,27.7,94.0,97.0,0,1,0
43.0,38.4,102.0,147.0,0,0,1
40.0,27.1,92.0,116.0,0,1,0
34.0,29.3,89.0,119.0,0,1,0
70.0,17.5,91.0,124.0,0,0,0
42.0,23.8,97.0,142.0,0,0,1
26.0,23.3,73.0,105.0,0,0,1
35.0,26.6,91.0,131.0,0,1,0
52.0,28.5,93.0,126.0,1,1,1
51.0,23.0,85.0,117.0,1,0,1
40.0,35.4,105.0,98.0,1,1,0
32.0,21.4,71.0,124.0,0,1,0
42.0,24.5,86.0,108.0,0,1,0
18.0,27.9,78.0,106.0,1,0,0
23.0,20.5,94.0,112.0,0,0,0
53.0,29.6,89.0,124.0,0,0,0
35.0,29.9,93.0,132.0,1,1,0
47.0,25.3,97.0,111.0,0,0,0
60.0,36.3,77.0,130.0,0,0,1
51.0,27.2,99.0,125.0,0,0,0
42.0,28.2,83.0,119.0,1,1,0
73.0,21.9,91.0,134.0,0,0,0
52.0,18.4,89.0,114.0,0,1,0
37.0,23.6,100.0,130.0,1,1,0
53.0,25.1,102.0,112.0,1,1,0
48.0,24.5,115.0,101.0,1,0,1
30.0,30.6,94.0,116.0,1,0,0
43.0,16.0,82.0,128.0,1,1,0
40.0,21.1,83.0,108.0,0,1,0
18.0,17.6,93.0,99.0,0,0,0
40.0,33.5,115.0,117.0,0,0,1
38.0,23.9,95.0,118.0,0,0,0
36.0,24.2,82.0,113.0,0,0,1
18.0,21.2,90.0,112.0,0,1,0
37.0,31.2,96.0,98.0,1,0,0
41.0,24.7,91.0,136.0,0,0,0
43.0,27.9,83.0,127.0,0,1,1
26.0,16.6,65.0,98.0,0,0,0
51.0,32.6,89.0,141.0,1,0,0
25.0,28.7,104.0,120.0,0,0,0
39.0,29.5,95.0,137.0,0,0,0
61.0,32.9,68.0,113.0,1,1,0
32.0,25.8,90.0,135.0,0,0,0
35.0,25.9,66.0,116.0,0,1,0
57.0,30.3,122.0,99.0,0,0,1
36.0,28.9,94.0,127.0,1,0,0
38.0,25.5,75.0,113.0,0,1,0
45.0,27.0,103.0,107.0,0,0,1
57.0,24.2,83.0,119.0,1,1,0
18.0,30.3,97.0,89.0,1,0,0
30.0,31.4,92.0,124.0,1,1,0
28.0,26.8,74.0,111.0,0,1,0
26.0,36.2,102.0,115.0,0,0,1
30.0,19.1,69.0,128.0,0,1,0
30.0,25.6,107.0,115.0,0,1,0
46.0,35.3,97.0,116.0,0,1,1
29.0,24.6,76.0,102.0,0,1,0
44.0,18.7,65.0,114.0,0,0,0
48.0,33.7,117.0,137.0,0,0,1
32.0,29.5,110.0,109.0,1,0,1
44.0,20.8,73.0,103.0,0,1,0
65.0,30.6,119.0,139.0,0,0,1
47.0,21.6,93.0,118.0,0,1,0
33.0,20.0,85.0,112.0,0,1,0
41.0,26.0,90.0,144.0,0,1,0
29.0,24.4,85.0,98.0,1,1,0
46.0,21.3,109.0,119.0,0,0,0
54.0,24.9,95.0,99.0,0,1,0
30.0,21.7,65.0,109.0,0,0,0
39.0,27.1,119.0,125.0,0,1,1
58.0,26.6,106.0,137.0,0,0,0
35.0,30.5,78.0,102.0,0,0,0
45.0,24.5,87.0,128.0,0,1,0
27.0,20.1,75.0,120.0,0,0,0
30.0,20.1,88.0,110.0,0,1,0
35.0,25.5,95.0,146.0,0,1,0
72.0,34.5,103.0,131.0,0,1,0
36.0,31.0,85.0,108.0,0,0,0
35.0,23.5,79.0,120.0,0,0,0
34.0,31.5,104.0,95.0,0,0,1
40.0,20.9,88.0,134.0,0,1,0
51.0,31.8,125.0,136.0,0,1,1
45.0,24.8,81.0,113.0,1,0,0
71.0,30.6,108.0,137.0,0,0,1
45.0,29.9,94.0,127.0,0,0,1
62.0,25.4,84.0,148.0,0,1,0
46.0,28.4,111.0,113.0,0,0,1
50.0,21.4,93.0,102.0,0,0,0
22.0,26.4,77.0,87.0,0,0,0
40.0,32.2,90.0,117.0,0,0,0
41.0,45.0,112.0,108.0,0,0,1
39.0,30.3,77.0,117.0,0,1,0
18.0,27.2,107.0,116.0,0,0,0
54.0,21.7,101.0,114.0,1,0,0
37.0,32.1,90.0,108.0,0,0,0
36.0,18.5,105.0,127.0,0,1,0
38.0,22.7,113.0,113.0,0,0,0
39.0,28.6,100.0,121.0,0,0,1
48.0,20.7,93.0,129.0,0,0,0
24.0,34.5,116.0,101.0,1,0,0
29.0,32.2,112.0,106.0,0,0,1
46.0,23.9,79.0,149.0,0,0,0
44.0,24.0,88.0,116.0,1,0,1
37.0,20.2,86.0,101.0,0,1,0
34.0,19.7,83.0,109.0,1,0,0
30.0,29.0,71.0,109.0,0,1,0
41.0,29.9,105.0,105.0,0,1,0
59.0,28.5,96.0,119.0,0,1,0
27.0,28.1,92.0,114.0,0,0,1
63.0,24.0,112.0,123.0,0,1,1
54.0,28.6,87.0,129.0,0,0,0
36.0,19.4,87.0,91.0,0,0,0
53.0,26.8,97.0,103.0,0,1,0
21.0,34.2,86.0,126.0,0,0,0
18.0,33.4,90.0,109.0,0,0,0
24.0,24.4,98.0,127.0,1,0,0
36.0,25.1,90.0,120.0,1,1,0
37.0,33.7,111.0,103.0,0,0,1
35.0,35.7,85.0,127.0,0,1,0
43.0,19.3,92.0,103.0,0,0,0
18.0,24.6,69.0,113.0,0,0,0
49.0,27.9,92.0,136.0,0,0,1
22.0,32.9,82.0,142.0,0,1,0
33.0,22.6,107.0,113.0,0,1,0
36.0,30.0,102.0,127.0,0,0,0
26.0,25.3,96.0,116.0,0,1,0
23.0,38.7,118.0,128.0,0,0,0
28.0,28.9,110.0,85.0,1,0,0
42.0,26.1,101.0,113.0,1,0,1
50.0,25.1,83.0,124.0,0,0,0
50.0,32.1,76.0,129.0,1,0,0
28.0,30.2,91.0,107.0,0,0,0
31.0,21.3,83.0,123.0,0,1,0
29.0,27.9,82.0,129.0,1,0,1
48.0,20.1,86.0,118.0,1,0,0
18.0,23.0,65.0,106.0,0,0,0
59.0,20.3,112.0,116.0,1,0,1
35.0,20.1,73.0,115.0,0,1,0
31.0,23.3,80.0,128.0,1,0,0
47.0,21.9,98.0,136.0,0,0,0
56.0,29.4,74.0,118.0,0,1,0
47.0,30.8,106.0,110.0,1,1,0
57.0,25.6,106.0,112.0,0,0,1
44.0,21.2,86.0,128.0,0,0,0
59.0,30.8,82.0,128.0,0,1,0
59.0,16.6,84.0,122.0,0,0,1
41.0,17.1,65.0,119.0,0,1,0
62.0,30.4,115.0,131.0,1,0,1
44.0,30.1,94.0,119.0,0,0,0
43.0,31.7,84.0,108.0,0,0,0
29.0,25.7,78.0,106.0,0,1,0
38.0,20.4,96.0,116.0,0,0,0
53.0,24.2,112.0,125.0,0,0,1
24.0,29.6,73.0,110.0,0,0,0
51.0,22.9,84.0,114.0,0,0,0
47.0,23.3,68.0,135.0,1,0,0
46.0,19.8,99.0,110.0,0,1,0
18.0,20.9,88.0,111.0,0,1,0
41.0,31.0,123.0,116.0,0,1,1
51.0,29.1,93.0,112.0,0,1,0
31.0,20.9,82.0,94.0,0,1,0
43.0,21.4,81.0,109.0,0,0,0
18.0,24.0,98.0,100.0,0,0,0
51.0,29.5,73.0,133.0,0,1,0
33.0,20.9,98.0,99.0,0,1,0
54.0,25.9,97.0,117.0,0,1,1
18.0,16.0,77.0,114.0,0,0,0
52.0,20.5,79.0,117.0,0,0,0
39.0,28.9,106.0,125.0,0,0,0
53.0,31.3,120.0,134.0,0,1,0
29.0,21.0,82.0,91.0,1,1,0
33.0,22.9,96.0,109.0,0,0,0
73.0,30.8,121.0,118.0,1,0,1
30.0,24.8,81.0,130.0,0,1,0
32.0,24.1,86.0,113.0,0,1,0
38.0,29.4,76.0,125.0,1,1,1
28.0,27.8,88.0,135.0,0,1,0
59.0,32.4,96.0,122.0,0,1,0
66.0,30.8,92.0,129.0,0,0,0
32.0,23.9,79.0,119.0,0,0,0
18.0,26.2,67.0,108.0,0,1,0
58.0,26.5,76.0,139.0,0,1,1
58.0,20.0,79.0,130.0,0,0,0
54.0,21.9,100.0,132.0,0,1,0
58.0,31.7,90.0,126.0,0,0,0
30.0,18.8,76.0,107.0,0,0,0
40.0,31.8,102.0,116.0,1,1,0
23.0,28.2,97.0,109.0,1,1,0
22.0,26.1,79.0,92.0,1,0,1
56.0,29.5,87.0,128.0,0,1,0
33.0,29.2,100.0,127.0,1,1,1
74.0,32.9,104.0,131.0,1,1,1
43.0,24.8,80.0,112.0,1,1,0
33.0,25.6,93.0,116.0,1,1,0
53.0,25.6,93.0,124.0,1,0,1
67.0,36.2,114.0,135.0,1,1,1
49.0,31.5,83.0,145.0,0,1,0
25.0,22.2,99.0,100.0,0,0,0
47.0,25.1,98.0,124.0,0,0,0
61.0,23.2,80.0,131.0,1,0,0
35.0,26.9,105.0,117.0,0,1,0
31.0,27.9,103.0,113.0,0,0,0
56.0,38.3,81.0,116.0,1,1,1
44.0,17.6,115.0,107.0,0,0,1
27.0,32.0,76.0,125.0,1,0,1
37.0,29.0,80.0,136.0,0,0,0
31.0,23.3,85.0,105.0,0,0,0
46.0,26.0,103.0,125.0,0,1,0
44.0,24.3,99.0,124.0,1,1,1
58.0,27.1,93.0,136.0,0,0,0
52.0,31.9,114.0,127.0,0,0,0
20.0,19.2,91.0,113.0,0,1,0
48.0,33.4,114.0,134.0,0,0,0
55.0,24.9,131.0,107.0,0,1,0
48.0,34.3,98.0,125.0,1,1,1
56.0,28.9,65.0,102.0,0,1,0
34.0,33.0,87.0,95.0,1,0,1
29.0,29.6,77.0,106.0,0,1,0
55.0,32.3,97.0,106.0,1,1,0
27.0,27.1,91.0,120.0,1,1,0
18.0,22.6,70.0,121.0,0,1,0
56.0,30.2,80.0,121.0,0,0,1
32.0,30.4,88.0,115.0,0,0,0
38.0,37.3,93.0,119.0,0,0,0
22.0,16.8,65.0,104.0,0,0,0
23.0,25.8,102.0,114.0,0,0,0
26.0,32.1,92.0,120.0,0,1,0
37.0,20.5,89.0,108.0,0,1,0
47.0,25.7,96.0,110.0,1,0,1
18.0,37.4,79.0,110.0,0,1,0
53.0,33.9,96.0,135.0,1,0,1
25.0,22.4,102.0,106.0,0,0,0
27.0,34.0,107.0,135.0,0,0,0
51.0,32.8,102.0,121.0,1,0,0
41.0,30.7,90.0,137.0,0,0,1
20.0,28.7,78.0,98.0,0,1,0
68.0,28.0,114.0,118.0,0,0,1
30.0,22.5,95.0,118.0,0,0,0
45.0,24.3,86.0,124.0,0,1,1
45.0,30.5,65.0,119.0,0,1,0
62.0,27.5,83.0,149.0,0,1,0
36.0,36.1,69.0,122.0,0,0,0
56.0,25.2,110.0,125.0,0,0,1
32.0,16.0,89.0,103.0,0,0,0
58.0,25.2,83.0,142.0,1,0,1
31.0,28.2,87.0,126.0,0,1,0
37.0,28.8,127.0,123.0,0,1,0
69.0,27.2,113.0,107.0,0,0,0
46.0,22.7,73.0,122.0,0,0,0
44.0,34.3,93.0,117.0,0,1,1
73.0,23.5,79.0,131.0,0,1,0
47.0,30.4,71.0,133.0,0,0,0
31.0,25.4,92.0,105.0,1,1,0
52.0,20.9,124.0,121.0,0,1,1
25.0,33.9,114.0,128.0,0,1,0
58.0,16.0,91.0,120.0,0,0,0
59.0,22.6,88.0,117.0,0,1,0
34.0,29.0,94.0,104.0,1,1,0
33.0,25.1,104.0,107.0,0,1,0
44.0,30.6,74.0,106.0,0,1,0
42.0,26.4,66.0,130.0,0,0,1
28.0,24.6,115.0,114.0,0,0,0
50.0,37.7,101.0,111.0,1,1,1
18.0,25.8,110.0,111.0,1,1,1
36.0,26.1,94.0,101.0,1,1,0
36.0,21.5,109.0,85.0,1,0,1
38.0,23.1,81.0,130.0,0,0,0
46.0,30.1,101.0,135.0,0,1,1
25.0,29.7,112.0,97.0,1,0,1
50.0,26.9,107.0,112.0,0,0,0
39.0,23.4,84.0,118.0,0,1,1
33.0,30.3,104.0,113.0,1,0,0
23.0,18.4,77.0,98.0,1,1,0
25.0,25.2,69.0,106.0,0,0,0
47.0,25.6,99.0,116.0,0,0,1
29.0,22.7,108.0,106.0,0,0,0
43.0,27.7,104.0,122.0,0,1,1
57.0,23.6,75.0,118.0,0,0,0
56.0,22.9,105.0,111.0,0,1,0
64.0,35.9,108.0,130.0,0,1,0
38.0,30.6,86.0,99.0,0,0,0
27.0,32.9,65.0,134.0,0,0,0
56.0,27.2,108.0,102.0,0,1,0
46.0,31.8,107.0,121.0,0,0,1
58.0,30.8,103.0,129.0,1,0,1
42.0,33.0,70.0,126.0,1,0,1
59.0,38.8,79.0,132.0,0,0,1
54.0,25.8,107.0,137.0,0,0,1
52.0,28.2,105.0,108.0,1,0,1
49.0,26.7,100.0,119.0,0,1,0
48.0,16.0,85.0,116.0,0,0,0
45.0,20.0,95.0,110.0,1,1,1
45.0,27.0,85.0,112.0,0,0,0
56.0,30.1,91.0,140.0,0,0,0
35.0,24.1,78.0,106.0,0,1,0
66.0,32.6,101.0,123.0,0,0,0
41.0,33.4,89.0,118.0,0,1,0
56.0,24.9,106.0,119.0,0,0,0
41.0,34.1,105.0,123.0,1,1,0
39.0,35.7,84.0,119.0,0,0,1
70.0,29.3,123.0,132.0,0,1,1
38.0,22.1,74.0,116.0,1,1,0
24.0,34.3,99.0,122.0,0,1,0
32.0,26.2,105.0,131.0,0,0,0
38.0,25.1,108.0,106.0,0,1,0
72.0,27.6,66.0,147.0,1,1,1
45.0,24.3,105.0,112.0,1,0,1
55.0,32.4,113.0,133.0,1,1,1
28.0,30.9,112.0,118.0,0,1,1
47.0,33.1,65.0,119.0,1,0,1
51.0,29.9,85.0,99.0,0,0,0
67.0,23.0,93.0,143.0,0,0,1
32.0,26.2,84.0,106.0,1,1,0
50.0,31.4,114.0,114.0,0,0,1
46.0,25.0,82.0,131.0,1,1,0
28.0,41.6,113.0,122.0,1,0,1
42.0,25.8,99.0,140.0,1,0,1
38.0,24.1,70.0,136.0,1,1,0
18.0,32.7,77.0,122.0,0,0,0
50.0,30.7,88.0,126.0,0,1,1
50.0,26.9,94.0,130.0,0,1,0
36.0,25.8,105.0,100.0,0,0,0
23.0,29.1,87.0,116.0,0,0,0
63.0,31.2,109.0,128.0,0,1,0
46.0,30.8,72.0,116.0,1,1,0
56.0,25.5,65.0,125.0,1,1,0
62.0,29.2,91.0,108.0,0,0,1
35.0,31.2,99.0,129.0,0,1,0
53.0,30.8,90.0,139.0,1,1,0
39.0,16.0,73.0,96.0,0,1,0
41.0,22.5,96.0,118.0,0,1,1
41.0,23.1,117.0,134.0,1,1,0
42.0,25.8,90.0,123.0,1,0,1
58.0,27.9,85.0,111.0,0,1,0
44.0,31.6,82.0,109.0,1,0,0
40.0,30.1,120.0,129.0,0,0,1
38.0,26.4,91.0,139.0,0,0,0
47.0,27.1,101.0,107.0,0,1,1
29.0,35.8,111.0,119.0,1,0,1
35.0,23.9,105.0,105.0,0,1,0
41.0,28.5,80.0,115.0,0,0,1
34.0,34.8,107.0,123.0,1,1,1
40.0,28.7,104.0,118.0,0,1,1
33.0,16.8,93.0,102.0,1,1,0
70.0,28.9,111.0,153.0,0,0,0
61.0,25.1,86.0,121.0,0,1,0
48.0,26.4,92.0,118.0,1,0,1
41.0,32.3,87.0,134.0,0,1,1
73.0,29.3,108.0,129.0,1,0,1
47.0,25.7,83.0,117.0,0,1,0
41.0,31.5,99.0,131.0,1,0,1
46.0,29.2,78.0,108.0,0,0,0
46.0,27.5,91.0,129.0,0,1,0
62.0,28.5,90.0,137.0,1,1,1
42.0,28.3,91.0,127.0,0,0,1
71.0,25.3,98.0,124.0,1,0,1
30.0,24.7,87.0,113.0,1,0,0
52.0,27.1,90.0,101.0,0,1,0
28.0,22.2,65.0,110.0,1,0,0
67.0,20.7,109.0,126.0,0,1,1
37.0,33.5,85.0,130.0,1,1,0
41.0,25.8,88.0,119.0,0,1,0
55.0,26.9,82.0,117.0,0,0,0
60.0,26.3,108.0,113.0,0,1,0
26.0,27.1,77.0,113.0,0,0,0
37.0,27.1,98.0,118.0,0,1,1
22.0,27.3,106.0,127.0,1,0,0
44.0,23.0,114.0,117.0,0,0,0
41.0,31.7,110.0,114.0,1,1,1
37.0,23.5,99.0,114.0,1,0,0
32.0,32.2,76.0,112.0,0,0,0
37.0,17.4,105.0,109.0,0,0,0
32.0,21.7,105.0,86.0,0,0,0
49.0,32.0,107.0,104.0,1,1,0
63.0,26.3,106.0,110.0,1,1,1
18.0,23.6,88.0,115.0,1,1,0
40.0,28.9,85.0,118.0,0,0,0
36.0,21.8,104.0,116.0,0,1,0
49.0,27.4,111.0,134.0,0,1,1
29.0,16.0,71.0,96.0,1,1,0
40.0,24.7,104.0,130.0,0,1,0
27.0,23.8,92.0,117.0,0,1,0
52.0,29.7,107.0,114.0,0,1,1
43.0,31.4,98.0,138.0,0,0,1
40.0,22.7,106.0,98.0,0,1,0
47.0,35.0,110.0,110.0,0,1,1
39.0,24.0,103.0,113.0,0,1,0
20.0,16.7,66.0,111.0,0,0,0
50.0,16.0,101.0,113.0,1,0,0
46.0,34.7,97.0,98.0,0,1,1
40.0,26.6,76.0,114.0,0,0,0
56.0,23.8,103.0,120.0,1,1,1
59.0,23.3,74.0,152.0,1,1,1
27.0,21.5,100.0,127.0,1,1,0
31.0,33.8,117.0,120.0,0,0,0
64.0,26.6,88.0,112.0,0,1,0
62.0,36.0,112.0,133.0,0,0,0
32.0,26.0,97.0,101.0,1,0,0
25.0,16.0,94.0,110.0,0,0,0
33.0,31.2,74.0,122.0,0,1,0
35.0,25.2,99.0,110.0,1,1,0
20.0,25.8,90.0,114.0,1,1,0
42.0,34.8,106.0,118.0,0,0,1
24.0,25.7,89.0,105.0,0,1,0
25.0,32.8,107.0,134.0,0,1,0
55.0,27.0,98.0,129.0,0,1,0
32.0,23.2,99.0,110.0,0,1,0
41.0,29.5,112.0,110.0,0,1,0
51.0,24.0,95.0,121.0,0,0,0
53.0,33.1,110.0,131.0,0,1,1
37.0,31.8,97.0,129.0,0,1,0
43.0,27.3,100.0,136.0,0,1,1
30.0,30.0,85.0,122.0,0,1,0
66.0,29.8,108.0,114.0,1,1,0
51.0,25.6,110.0,144.0,0,0,0
27.0,31.5,91.0,130.0,0,0,0
42.0,25.9,103.0,127.0,0,0,0
52.0,30.1,101.0,139.0,1,1,1
49.0,22.2,76.0,100.0,1,0,0
68.0,27.5,101.0,122.0,0,1,0
61.0,29.1,114.0,119.0,0,0,1
34.0,23.1,83.0,128.0,0,1,0
41.0,24.9,67.0,103.0,0,1,0
24.0,24.3,92.0,108.0,0,0,0
45.0,30.7,86.0,139.0,1,0,1
44.0,23.4,118.0,125.0,1,1,1
80.0,29.2,98.0,126.0,0,1,0
43.0,34.6,96.0,145.0,0,1,0
18.0,28.8,81.0,96.0,0,0,0
33.0,19.0,91.0,117.0,0,0,0
44.0,27.7,85.0,116.0,0,0,0
24.0,32.2,79.0,122.0,0,0,0
30.0,25.6,89.0,111.0,0,0,1
37.0,32.6,83.0,110.0,0,1,0
47.0,30.1,113.0,124.0,0,0,0
40.0,29.1,77.0,103.0,0,0,0
30.0,25.7,89.0,120.0,0,0,0
53.0,24.5,84.0,116.0,1,0,0
34.0,25.8,72.0,126.0,0,1,0
35.0,27.4,114.0,111.0,0,0,0
23.0,29.7,65.0,106.0,1,1,0
31.0,29.1,112.0,121.0,1,1,1
51.0,25.5,74.0,135.0,1,0,0
19.0,27.4,90.0,87.0,0,0,0
41.0,29.0,124.0,120.0,0,0,1
52.0,18.9,65.0,125.0,0,1,0
37.0,23.2,71.0,98.0,0,0,0
45.0,23.1,109.0,107.0,0,0,0
26.0,26.0,92.0,121.0,0,1,0
60.0,25.7,87.0,113.0,1,1,0
57.0,25.8,94.0,115.0,0,1,0
45.0,22.7,78.0,137.0,0,0,0
18.0,30.4,92.0,101.0,0,1,0
27.0,28.5,111.0,104.0,0,1,0
56.0,18.9,86.0,91.0,0,0,0
66.0,27.1,98.0,112.0,0,0,1
46.0,21.4,107.0,102.0,0,0,0
59.0,35.6,126.0,148.0,0,0,1
33.0,24.8,82.0,129.0,1,0,0
39.0,25.1,95.0,101.0,1,0,0
42.0,27.5,85.0,142.0,1,0,1
48.0,26.1,84.0,129.0,0,0,0
21.0,26.8,84.0,109.0,1,1,0
55.0,34.8,89.0,136.0,1,1,0
61.0,28.2,72.0,129.0,0,0,0
26.0,31.3,65.0,106.0,0,1,0
23.0,32.7,82.0,94.0,0,0,0
47.0,22.2,93.0,106.0,0,1,0
33.0,35.5,111.0,120.0,0,1,1
18.0,30.5,83.0,108.0,0,1,0
53.0,31.9,94.0,115.0,1,0,0
44.0,22.8,100.0,128.0,0,0,0
35.0,31.2,103.0,106.0,0,0,1
72.0,29.2,96.0,139.0,0,0,1
44.0,24.4,91.0,112.0,0,0,0
31.0,38.5,121.0,122.0,0,0,1
43.0,29.9,89.0,107.0,0,1,0
27.0,25.9,83.0,113.0,0,0,0
31.0,28.1,69.0,106.0,0,1,0
47.0,31.6,101.0,101.0,1,1,0
34.0,32.7,90.0,118.0,1,1,0
36.0,30.0,119.0,117.0,0,0,1
65.0,33.2,94.0,138.0,1,0,1
54.0,34.4,108.0,129.0,0,1,0
53.0,20.9,105.0,106.0,0,0,1
49.0,24.7,115.0,112.0,1,1,1
49.0,22.4,74.0,88.0,0,0,0
62.0,27.6,117.0,111.0,0,0,1
42.0,34.3,96.0,137.0,0,0,1
68.0,30.4,96.0,145.0,0,0,0
29.0,21.9,84.0,121.0,0,0,0
38.0,25.6,86.0,120.0,0,1,0
23.0,32.2,87.0,122.0,1,1,0
37.0,24.4,65.0,121.0,0,0,0
49.0,26.6,100.0,100.0,0,1,0
62.0,28.6,97.0,115.0,0,0,1
33.0,18.0,74.0,125.0,0,0,0
42.0,31.0,93.0,134.0,0,1,0
37.0,28.8,124.0,120.0,1,1,0
32.0,29.9,97.0,113.0,1,0,0
25.0,22.2,83.0,106.0,0,1,0
43.0,23.3,115.0,110.0,0,1,0
18.0,24.1,77.0,98.0,0,0,0
44.0,28.4,91.0,96.0,0,0,0
42.0,27.5,85.0,120.0,0,1,0
33.0,27.7,88.0,110.0,0,0,0
28.0,36.1,104.0,116.0,0,1,0
23.0,33.6,100.0,136.0,1,1,0
68.0,23.5,85.0,131.0,0,1,0
23.0,23.8,87.0,103.0,0,0,0
64.0,35.7,100.0,136.0,1,0,1
50.0,25.5,88.0,102.0,1,1,0
37.0,34.0,94.0,132.0,0,1,0
26.0,35.1,83.0,120.0,0,0,1
57.0,24.4,84.0,119.0,0,0,1
66.0,25.8,96.0,131.0,0,1,1
29.0,27.5,77.0,132.0,0,0,0
38.0,22.8,96.0,109.0,0,0,1
57.0,22.2,90.0,108.0,0,0,0
47.0,25.1,80.0,144.0,0,0,0
70.0,31.4,90.0,129.0,0,1,0
34.0,24.9,84.0,132.0,0,1,0
50.0,26.1,91.0,112.0,0,0,0
24.0,24.8,90.0,116.0,0,1,1
71.0,20.3,91.0,116.0,0,0,0
32.0,34.5,82.0,126.0,0,0,1
18.0,16.0,104.0,102.0,0,0,0
40.0,23.8,103.0,108.0,0,0,1
40.0,29.9,95.0,137.0,0,0,0
69.0,20.1,107.0,127.0,0,0,1
37.0,30.1,97.0,94.0,0,0,0
42.0,33.4,91.0,118.0,1,1,1
50.0,22.8,93.0,108.0,1,1,0
64.0,28.1,132.0,111.0,0,0,1
41.0,21.5,104.0,108.0,0,0,0
57.0,29.6,110.0,118.0,0,0,0
49.0,27.5,88.0,121.0,0,0,1
38.0,28.2,100.0,108.0,1,1,0
43.0,33.9,126.0,100.0,0,1,1
42.0,29.5,99.0,113.0,1,0,0
29.0,33.8,108.0,128.0,0,1,0
59.0,30.3,113.0,109.0,0,1,1
23.0,21.1,96.0,117.0,0,1,0
58.0,28.4,117.0,129.0,0,1,1
55.0,29.5,99.0,118.0,0,1,0
41.0,19.9,96.0,118.0,1,1,0
31.0,33.8,85.0,109.0,1,1,0
39.0,27.4,128.0,113.0,0,1,1
49.0,28.9,98.0,109.0,0,1,1
52.0,22.6,94.0,124.0,1,0,0
46.0,27.5,112.0,136.0,0,1,1
56.0,28.6,89.0,115.0,1,1,1
34.0,25.5,91.0,129.0,0,1,1
45.0,27.5,82.0,94.0,1,0,1
20.0,16.5,85.0,96.0,0,1,0
53.0,33.9,91.0,113.0,0,0,0
44.0,21.5,98.0,136.0,0,1,0
36.0,16.2,85.0,104.0,1,0,0
58.0,22.3,85.0,130.0,0,1,1
52.0,22.9,88.0,94.0,0,0,0
18.0,29.8,88.0,114.0,1,0,0
43.0,22.5,84.0,123.0,0,0,0
22.0,28.5,103.0,112.0,0,1,0
57.0,22.3,102.0,88.0,0,1,0
77.0,38.1,104.0,136.0,1,1,1
35.0,29.8,76.0,127.0,0,1,0
43.0,36.9,103.0,139.0,0,1,0
38.0,22.0,73.0,119.0,0,1,0
47.0,30.4,97.0,101.0,1,0,1
51.0,22.3,93.0,116.0,0,0,0
60.0,30.0,88.0,136.0,0,1,0
28.0,30.5,80.0,106.0,0,0,0
64.0,19.1,83.0,127.0,0,1,1
29.0,21.4,116.0,106.0,0,0,1
46.0,21.3,87.0,117.0,0,1,0
58.0,19.6,89.0,128.0,0,0,0
52.0,23.4,105.0,111.0,0,0,1
29.0,22.3,94.0,146.0,0,1,0
32.0,19.9,102.0,113.0,0,0,0
36.0,27.6,75.0,120.0,0,0,0
41.0,29.8,79.0,110.0,0,1,1
58.0,20.5,137.0,120.0,0,0,1
24.0,24.3,88.0,108.0,1,1,1
49.0,27.1,89.0,103.0,0,0,0
51.0,25.9,95.0,102.0,0,1,1
50.0,23.6,106.0,122.0,0,1,0
49.0,31.1,79.0,121.0,0,1,0
63.0,31.3,101.0,95.0,1,0,1
49.0,30.5,94.0,96.0,0,0,0
54.0,26.0,103.0,117.0,1,1,0
50.0,37.0,100.0,125.0,0,1,0
67.0,35.8,92.0,137.0,0,1,1
18.0,25.1,76.0,95.0,0,1,0
60.0,26.5,65.0,130.0,0,1,1
38.0,33.0,107.0,116.0,0,1,0
38.0,23.1,70.0,109.0,1,1,0
28.0,29.0,86.0,113.0,1,1,0
18.0,27.3,111.0,123.0,1,1,0
37.0,23.5,85.0,121.0,1,0,0
32.0,25.9,99.0,125.0,1,1,1
49.0,19.2,87.0,108.0,1,0,0
21.0,24.3,98.0,107.0,1,1,0
62.0,17.1,92.0,105.0,1,1,1
46.0,38.4,91.0,118.0,0,1,1
39.0,34.6,113.0,116.0,0,0,1
32.0,33.2,90.0,113.0,0,1,0
31.0,28.6,73.0,124.0,0,1,0
26.0,32.0,88.0,121.0,0,0,0
34.0,33.4,101.0,128.0,0,0,1
42.0,32.1,79.0,122.0,0,1,0
40.0,31.6,104.0,132.0,1,0,1
22.0,22.5,98.0,111.0,0,1,0
38.0,29.2,121.0,130.0,0,1,0
29.0,24.4,81.0,119.0,0,0,0
44.0,21.1,99.0,125.0,1,0,0
68.0,21.3,72.0,122.0,0,0,0
51.0,29.2,89.0,107.0,1,0,0
38.0,32.3,95.0,102.0,0,1,0
19.0,20.2,92.0,131.0,0,0,0
22.0,35.8,92.0,121.0,1,0,0
18.0,34.4,91.0,120.0,0,1,0
52.0,25.1,85.0,118.0,1,0,0
31.0,24.7,84.0,108.0,0,0,0
43.0,26.7,96.0,153.0,0,1,0
33.0,31.9,101.0,104.0,1,1,1
43.0,25.1,100.0,117.0,0,1,0
62.0,21.5,106.0,121.0,1,1,1
32.0,28.7,108.0,102.0,1,0,0
37.0,16.7,65.0,96.0,0,0,0
31.0,27.7,84.0,107.0,0,1,0
54.0,32.8,94.0,120.0,1,1,1
28.0,28.5,82.0,109.0,0,0,0
26.0,30.9,106.0,125.0,0,0,0
23.0,29.5,100.0,99.0,0,1,0
22.0,30.6,89.0,119.0,1,0,1
49.0,27.7,95.0,138.0,0,1,0
78.0,22.9,113.0,137.0,0,0,0
28.0,25.9,85.0,100.0,0,0,0
55.0,26.6,90.0,86.0,0,0,0
46.0,33.3,108.0,132.0,0,0,0
27.0,35.1,100.0,123.0,0,0,0
38.0,29.1,112.0,111.0,1,1,1
39.0,23.2,95.0,131.0,0,1,0
32.0,23.4,100.0,108.0,0,0,1
69.0,26.1,89.0,127.0,0,0,1
18.0,33.9,79.0,102.0,0,1,0
47.0,28.7,94.0,124.0,0,1,0
47.0,26.7,65.0,114.0,0,0,0
34.0,23.2,95.0,108.0,0,0,0
44.0,31.4,107.0,134.0,0,1,0
54.0,28.4,96.0,125.0,0,1,0
44.0,26.7,90.0,101.0,0,1,0
48.0,27.5,108.0,128.0,0,1,0
52.0,35.4,97.0,135.0,0,1,0
18.0,26.2,102.0,100.0,0,0,0
63.0,35.4,128.0,124.0,1,0,1
74.0,33.2,109.0,131.0,1,0,1
56.0,27.3,107.0,119.0,0,1,1
56.0,31.4,103.0,126.0,1,0,1
22.0,26.4,93.0,120.0,0,1,0
40.0,22.9,94.0,110.0,0,1,0
31.0,25.7,91.0,139.0,0,1,0
34.0,22.5,104.0,105.0,0,0,0
56.0,29.6,74.0,117.0,0,0,0
31.0,27.1,87.0,138.0,0,1,0
40.0,29.8,102.0,147.0,1,0,0
18.0,31.1,79.0,113.0,1,1,0
40.0,16.0,86.0,110.0,0,1,0
43.0,28.6,84.0,106.0,1,1,0
32.0,18.0,93.0,124.0,1,0,0
32.0,27.8,103.0,117.0,0,1,1
68.0,22.6,114.0,114.0,1,1,1
25.0,27.5,97.0,118.0,0,0,0
27.0,33.8,83.0,133.0,0,0,1
31.0,18.5,91.0,119.0,0,0,0
59.0,28.0,103.0,150.0,1,0,0
71.0,26.6,116.0,141.0,0,0,1
47.0,17.5,65.0,120.0,0,0,0
32.0,30.2,97.0,116.0,0,0,0
36.0,27.2,67.0,123.0,1,1,0
57.0,24.5,103.0,136.0,0,0,0
29.0,23.4,95.0,123.0,1,0,1
62.0,43.1,109.0,145.0,0,0,1
62.0,25.0,106.0,126.0,0,1,1
43.0,18.0,94.0,123.0,0,0,0
51.0,22.3,83.0,133.0,0,1,0
52.0,25.2,98.0,118.0,1,1,0
64.0,25.1,111.0,108.0,0,1,0
27.0,26.6,88.0,134.0,0,1,0
59.0,21.8,93.0,127.0,1,0,1
37.0,29.7,76.0,113.0,0,1,0
31.0,24.6,105.0,116.0,0,1,0
43.0,20.2,83.0,112.0,0,1,0
39.0,22.9,80.0,95.0,1,1,0
28.0,25.1,84.0,111.0,0,0,1
20.0,31.2,79.0,96.0,0,0,0
29.0,29.4,88.0,118.0,0,1,0
62.0,25.3,112.0,122.0,1,0,0
69.0,27.1,107.0,140.0,1,1,1
51.0,28.1,113.0,120.0,0,0,1
59.0,37.2,119.0,133.0,1,0,1
35.0,23.9,78.0,111.0,0,1,0
41.0,29.3,100.0,114.0,0,1,1
46.0,30.6,114.0,104.0,1,1,1
27.0,22.2,119.0,123.0,1,1,0
28.0,27.9,72.0,116.0,0,0,0
43.0,27.8,74.0,112.0,0,0,0
38.0,24.7,97.0,118.0,0,1,0
27.0,29.8,87.0,110.0,0,0,0
47.0,32.1,82.0,114.0,0,1,0
38.0,32.7,99.0,123.0,0,1,0
56.0,26.0,84.0,136.0,0,0,1
42.0,27.9,65.0,115.0,1,0,1
38.0,38.8,96.0,106.0,0,0,1
44.0,21.5,92.0,108.0,0,0,0
40.0,28.1,101.0,139.0,0,1,0
33.0,31.4,105.0,108.0,0,1,1
36.0,27.8,94.0,131.0,0,0,1
52.0,30.3,92.0,120.0,0,0,1
51.0,27.9,85.0,130.0,1,0,1
60.0,30.8,75.0,124.0,1,0,0
18.0,33.4,85.0,95.0,1,1,0
36.0,25.9,104.0,111.0,1,0,0
36.0,28.0,101.0,142.0,0,1,1
44.0,26.7,120.0,117.0,0,0,1
36.0,25.0,89.0,122.0,0,0,0
35.0,26.9,67.0,112.0,0,0,0
53.0,21.3,103.0,117.0,0,1,0
44.0,30.7,108.0,124.0,1,0,1
26.0,35.5,78.0,123.0,0,0,1
61.0,35.5,77.0,155.0,1,0,1
56.0,33.4,99.0,125.0,0,0,1
34.0,22.2,99.0,111.0,0,1,0
54.0,34.6,82.0,117.0,0,1,0
32.0,23.4,85.0,97.0,1,1,0
58.0,26.7,84.0,103.0,0,0,0
39.0,36.2,80.0,130.0,0,0,1
31.0,21.6,71.0,90.0,0,0,0
37.0,31.2,95.0,135.0,0,0,0
31.0,28.4,86.0,126.0,1,1,0
45.0,26.2,83.0,115.0,0,0,0
44.0,22.6,65.0,103.0,0,1,0
43.0,29.1,117.0,120.0,0,0,0
34.0,24.7,78.0,115.0,1,0,1
18.0,32.2,89.0,127.0,0,0,0
43.0,33.1,80.0,113.0,0,1,0
18.0,20.1,91.0,103.0,1,1,0
45.0,24.5,72.0,117.0,1,1,0
58.0,25.4,95.0,119.0,1,1,0
46.0,21.1,88.0,109.0,1,1,0
37.0,21.4,101.0,93.0,0,1,0
39.0,27.4,77.0,98.0,0,1,0
40.0,26.0,83.0,109.0,1,1,0
34.0,18.7,85.0,109.0,0,1,0
34.0,24.3,118.0,126.0,0,1,0
29.0,29.6,72.0,143.0,0,1,0
59.0,21.0,96.0,141.0,0,1,0
42.0,22.4,82.0,120.0,0,1,0
55.0,34.9,102.0,149.0,0,0,1
38.0,33.6,103.0,119.0,0,0,1
43.0,18.9,91.0,108.0,0,1,0
40.0,20.2,93.0,142.0,0,1,0
48.0,28.9,98.0,108.0,0,0,0
54.0,21.0,84.0,114.0,0,1,0
45.0,25.7,89.0,115.0,0,0,1
33.0,24.7,68.0,132.0,0,0,0
31.0,29.8,87.0,109.0,1,1,0
65.0,16.0,81.0,129.0,0,1,0
38.0,16.0,84.0,106.0,0,1,0
38.0,20.9,99.0,99.0,0,0,0
63.0,32.1,102.0,130.0,1,1,1
57.0,26.2,100.0,124.0,1,0,1
49.0,18.5,105.0,102.0,0,1,0
36.0,29.5,65.0,107.0,0,1,0
75.0,30.5,104.0,120.0,0,0,1
48.0,25.8,92.0,131.0,1,1,1
50.0,25.3,91.0,125.0,1,1,1
40.0,29.2,75.0,121.0,0,1,0
22.0,33.0,99.0,121.0,0,0,0
23.0,27.8,105.0,107.0,1,1,1
48.0,29.7,108.0,127.0,0,0,1
47.0,26.8,92.0,112.0,0,0,1
39.0,25.1,99.0,100.0,1,0,0
26.0,22.4,100.0,102.0,0,1,0
22.0,28.3,114.0,115.0,0,1,1
37.0,25.5,107.0,117.0,1,1,1
22.0,25.8,90.0,124.0,1,0,0
55.0,31.6,97.0,104.0,0,0,1
58.0,29.4,98.0,121.0,0,1,0
80.0,31.4,103.0,136.0,0,0,1
54.0,19.1,84.0,106.0,1,1,0
34.0,29.8,102.0,120.0,0,1,1
30.0,24.1,80.0,108.0,0,0,0
18.0,23.0,76.0,95.0,0,1,0
34.0,22.7,94.0,127.0,1,1,0
40.0,33.1,86.0,104.0,1,0,0
56.0,31.1,92.0,136.0,0,1,0
51.0,23.4,65.0,114.0,0,0,0
50.0,21.3,102.0,106.0,1,1,0
45.0,27.1,92.0,108.0,0,1,0
51.0,24.7,91.0,111.0,0,0,0
62.0,35.3,105.0,118.0,0,0,1
27.0,19.7,90.0,113.0,1,0,0
36.0,17.9,78.0,89.0,0,0,0
23.0,25.7,115.0,126.0,0,1,0
65.0,27.1,89.0,135.0,0,0,1
60.0,27.7,108.0,141.0,0,1,1
53.0,30.8,120.0,111.0,0,0,0
25.0,37.4,85.0,90.0,0,0,0
44.0,25.3,93.0,110.0,0,1,0
39.0,24.3,80.0,114.0,0,1,0
43.0,18.2,103.0,118.0,1,1,1
39.0,28.2,88.0,112.0,0,1,0
49.0,31.3,80.0,121.0,1,0,1
36.0,25.7,108.0,118.0,1,1,0
54.0,32.9,108.0,106.0,0,1,0
45.0,27.2,81.0,141.0,1,0,0
38.0,34.6,110.0,107.0,0,1,1
40.0,28.7,95.0,122.0,0,0,1
36.0,21.7,125.0,127.0,0,1,0
53.0,23.8,115.0,111.0,0,0,1
38.0,19.3,81.0,113.0,0,1,0
46.0,18.3,86.0,135.0,0,0,0
37.0,28.3,80.0,114.0,0,1,0
21.0,31.3,92.0,127.0,0,0,0
55.0,36.8,98.0,130.0,0,1,1
27.0,26.7,100.0,116.0,0,1,0
52.0,25.8,94.0,129.0,0,0,0
48.0,21.5,71.0,114.0,0,0,0
19.0,31.9,80.0,111.0,0,1,0
29.0,28.9,110.0,127.0,0,1,0
35.0,24.0,105.0,118.0,0,0,1
31.0,30.4,90.0,122.0,1,1,0
25.0,29.8,89.0,100.0,0,1,0
52.0,17.7,88.0,117.0,0,0,0
39.0,30.7,93.0,134.0,0,0,0
47.0,27.7,71.0,131.0,0,0,0
36.0,25.0,102.0,119.0,1,1,1
46.0,24.9,83.0,112.0,0,0,1
31.0,35.7,96.0,112.0,0,1,0
42.0,34.7,65.0,127.0,1,1,0
50.0,36.1,100.0,142.0,0,1,1
43.0,21.3,108.0,116.0,0,1,0
36.0,23.7,65.0,130.0,0,0,0
27.0,31.5,112.0,112.0,1,0,1
44.0,21.0,96.0,130.0,0,1,0
47.0,23.4,81.0,106.0,1,1,1
38.0,18.0,67.0,115.0,1,1,0
31.0,36.3,110.0,107.0,0,0,0
50.0,32.3,99.0,131.0,0,0,1
77.0,29.3,106.0,137.0,0,1,1
38.0,28.1,88.0,106.0,0,0,1
47.0,24.9,81.0,110.0,0,0,0
47.0,25.0,104.0,113.0,1,1,0
18.0,30.1,77.0,95.0,0,1,0
44.0,23.4,103.0,106.0,1,1,1
32.0,33.1,71.0,108.0,0,1,0
61.0,24.5,82.0,132.0,0,1,0
38.0,22.6,70.0,132.0,0,0,0
31.0,33.5,110.0,113.0,0,0,1
39.0,26.3,68.0,113.0,0,1,0
44.0,29.8,78.0,123.0,0,0,0
34.0,24.9,99.0,109.0,0,0,1
41.0,16.0,91.0,109.0,0,1,0
23.0,29.7,120.0,124.0,1,0,0
39.0,20.3,113.0,117.0,1,1,0
53.0,32.4,104.0,123.0,0,1,0
70.0,19.2,102.0,116.0,0,0,1
52.0,17.7,65.0,134.0,1,1,0
46.0,28.5,81.0,113.0,0,1,0
59.0,29.1,91.0,126.0,0,0,0
56.0,27.5,92.0,110.0,0,1,0
65.0,20.9,75.0,115.0,0,0,0
57.0,31.4,84.0,126.0,0,0,1
40.0,19.7,77.0,109.0,0,0,0
46.0,24.7,106.0,125.0,0,0,1
45.0,23.1,96.0,118.0,0,1,0
46.0,25.1,87.0,102.0,1,0,0
45.0,31.3,90.0,93.0,0,1,0
31.0,23.8,93.0,125.0,0,1,0
18.0,29.8,80.0,105.0,0,0,0
33.0,30.5,88.0,135.0,1,0,1
18.0,18.4,65.0,107.0,0,0,0
43.0,21.2,99.0,106.0,0,0,0
42.0,25.1,104.0,124.0,0,0,0
19.0,24.0,92.0,106.0,0,1,0
52.0,28.5,100.0,122.0,0,0,1
54.0,17.3,95.0,106.0,0,0,0
43.0,30.6,121.0,128.0,0,0,1
65.0,30.7,100.0,140.0,0,0,1
68.0,26.2,78.0,119.0,0,1,1
25.0,20.1,73.0,131.0,0,1,0
57.0,27.0,104.0,116.0,1,1,1
48.0,24.3,106.0,122.0,1,0,1
48.0,29.8,104.0,102.0,0,1,0
55.0,26.6,105.0,99.0,0,1,0
32.0,30.6,94.0,142.0,0,0,0
34.0,24.8,70.0,132.0,0,0,0
30.0,34.2,84.0,132.0,0,0,0
31.0,16.0,65.0,89.0,0,1,0
41.0,21.9,85.0,118.0,0,1,0
22.0,29.5,72.0,118.0,0,1,0
27.0,19.4,88.0,111.0,0,0,0
50.0,30.7,92.0,126.0,1,0,0
41.0,20.9,65.0,104.0,0,0,0
47.0,27.5,103.0,118.0,0,0,0
18.0,22.4,97.0,95.0,1,1,0
31.0,24.8,71.0,110.0,1,1,0
34.0,27.9,93.0,121.0,0,0,0
42.0,26.5,101.0,109.0,0,1,0
34.0,25.1,86.0,111.0,1,1,0
55.0,37.8,110.0,122.0,0,0,1
41.0,27.0,94.0,118.0,1,0,0
42.0,22.2,104.0,127.0,1,1,0
42.0,31.6,96.0,123.0,0,1,0
52.0,31.1,93.0,128.0,1,0,1
35.0,33.1,100.0,102.0,1,0,1
58.0,35.9,108.0,123.0,0,1,1
48.0,22.3,94.0,128.0,0,1,0
44.0,32.3,88.0,111.0,1,0,0
43.0,32.7,84.0,116.0,1,0,0
49.0,27.0,88.0,109.0,0,1,0
56.0,28.2,87.0,139.0,0,1,1
55.0,16.0,92.0,111.0,1,1,0
47.0,24.1,94.0,110.0,0,0,0
54.0,35.9,96.0,134.0,0,0,1
44.0,18.1,88.0,127.0,0,0,0
60.0,24.3,96.0,128.0,1,1,0
42.0,28.4,113.0,130.0,0,0,0
18.0,29.9,106.0,115.0,0,1,0
61.0,35.2,90.0,126.0,0,0,1
44.0,18.2,94.0,109.0,0,0,0
26.0,27.2,85.0,107.0,0,1,0
39.0,31.3,92.0,112.0,0,0,0
30.0,20.4,84.0,116.0,0,0,0
71.0,26.8,88.0,125.0,0,1,1
49.0,36.4,78.0,126.0,0,1,1
20.0,33.6,65.0,122.0,0,0,0
50.0,29.7,97.0,121.0,0,0,1
36.0,16.0,102.0,95.0,1,1,0
69.0,26.3,83.0,116.0,0,1,0
27.0,28.9,97.0,101.0,1,1,0
18.0,25.5,82.0,87.0,0,0,0
43.0,26.7,96.0,119.0,0,1,0
37.0,42.4,86.0,110.0,0,0,0
36.0,25.9,87.0,100.0,0,1,0
18.0,22.2,85.0,96.0,0,1,0
48.0,28.2,65.0,131.0,1,0,0
65.0,25.4,98.0,121.0,0,1,1
18.0,25.5,86.0,122.0,0,1,0
58.0,26.6,65.0,122.0,1,0,1
34.0,30.9,101.0,112.0,0,1,0
75.0,28.2,97.0,135.0,0,0,1
48.0,21.0,93.0,124.0,0,1,0
39.0,26.3,96.0,118.0,0,0,1
57.0,29.4,89.0,111.0,1,0,1
49.0,24.7,77.0,114.0,0,0,0
34.0,32.7,87.0,104.0,0,1,0
52.0,30.9,89.0,120.0,1,1,0
35.0,22.0,119.0,115.0,0,1,0
18.0,28.6,114.0,129.0,0,1,0
70.0,36.9,93.0,148.0,1,1,0
37.0,34.8,88.0,129.0,0,1,1
33.0,26.7,95.0,127.0,0,0,0
47.0,31.5,102.0,124.0,0,1,0
20.0,23.6,78.0,143.0,1,1,0
23.0,19.8,72.0,127.0,1,1,0
35.0,29.8,118.0,149.0,1,1,1
35.0,28.2,105.0,121.0,0,1,0
43.0,29.6,72.0,125.0,1,1,0
58.0,26.9,70.0,135.0,0,1,0
35.0,28.6,80.0,119.0,0,0,0
49.0,24.4,95.0,123.0,0,0,0
50.0,29.4,101.0,110.0,0,0,0
27.0,31.2,86.0,127.0,0,0,0
45.0,26.7,70.0,120.0,0,0,0
29.0,31.1,94.0,126.0,0,1,0
57.0,18.1,98.0,115.0,1,1,1
48.0,23.1,91.0,97.0,0,1,0
42.0,34.2,88.0,128.0,1,1,0
23.0,35.8,100.0,131.0,0,0,0
44.0,28.3,92.0,104.0,0,1,0
31.0,26.5,75.0,103.0,1,1,0
52.0,20.7,92.0,114.0,0,1,0
40.0,28.8,74.0,115.0,1,0,1
31.0,30.9,105.0,96.0,1,1,1
55.0,19.6,97.0,139.0,0,0,1
52.0,29.8,81.0,135.0,0,0,0
34.0,29.5,94.0,109.0,0,0,0
58.0,29.2,112.0,102.0,0,0,1
38.0,21.4,65.0,118.0,0,0,0
38.0,29.7,90.0,142.0,0,1,0
44.0,19.5,111.0,125.0,0,1,0
31.0,34.4,72.0,132.0,1,0,0
36.0,27.7,89.0,105.0,0,1,0
40.0,21.2,70.0,117.0,1,1,0
63.0,33.7,97.0,110.0,0,1,0
63.0,32.8,65.0,151.0,1,1,1
38.0,23.7,68.0,122.0,0,1,0
65.0,38.0,92.0,105.0,1,0,1
41.0,22.0,91.0,93.0,0,0,0
47.0,28.6,98.0,126.0,1,1,1
54.0,32.9,102.0,126.0,0,1,0
46.0,16.0,103.0,110.0,0,0,0
76.0,32.0,108.0,138.0,0,1,1
45.0,26.7,102.0,143.0,0,0,1
25.0,26.9,76.0,117.0,0,0,0
60.0,21.6,90.0,99.0,1,0,0
36.0,28.7,135.0,115.0,0,1,1
38.0,21.5,120.0,98.0,0,1,0
18.0,22.2,97.0,99.0,0,1,0
56.0,24.8,103.0,125.0,0,1,1
53.0,20.9,104.0,116.0,0,0,1
53.0,34.9,91.0,112.0,0,1,0
56.0,20.4,118.0,118.0,1,1,0
66.0,23.2,88.0,113.0,0,0,0
41.0,25.4,90.0,123.0,0,0,0
55.0,27.0,123.0,119.0,1,1,0
32.0,31.0,65.0,121.0,0,1,1
37.0,31.1,97.0,115.0,0,0,0
57.0,25.5,70.0,131.0,1,1,0
47.0,25.1,83.0,117.0,0,1,0
23.0,27.2,88.0,112.0,0,0,0
47.0,31.1,89.0,115.0,0,1,1
39.0,30.5,95.0,121.0,1,1,1
31.0,24.4,78.0,92.0,0,0,0
48.0,16.7,87.0,147.0,1,1,0
36.0,37.7,79.0,113.0,0,0,0
20.0,31.8,85.0,115.0,0,1,0
26.0,28.3,71.0,108.0,1,0,0
67.0,28.7,105.0,120.0,0,0,1
21.0,24.4,70.0,115.0,0,0,0
45.0,22.0,100.0,110.0,0,1,0
51.0,25.3,86.0,114.0,1,0,0
51.0,25.9,88.0,103.0,0,0,0
25.0,23.9,104.0,100.0,0,1,0
37.0,19.7,89.0,99.0,0,1,0
44.0,25.4,65.0,139.0,1,0,0
53.0,29.9,101.0,107.0,1,0,0
33.0,24.5,65.0,101.0,0,0,0
26.0,27.1,93.0,115.0,0,0,0
56.0,16.6,84.0,134.0,0,1,0
57.0,26.0,74.0,102.0,1,0,0
47.0,26.4,93.0,101.0,0,1,0
33.0,20.9,84.0,114.0,0,1,0
48.0,18.4,117.0,119.0,0,1,0
44.0,29.1,87.0,102.0,0,1,0
54.0,23.0,119.0,98.0,0,0,1
25.0,29.4,109.0,102.0,0,0,1
44.0,24.9,83.0,126.0,0,0,1
40.0,30.1,81.0,118.0,0,0,0
26.0,25.3,107.0,121.0,0,0,0
45.0,19.5,87.0,114.0,0,0,0
42.0,26.6,94.0,117.0,0,1,0
36.0,25.4,87.0,123.0,0,0,0
48.0,30.3,77.0,120.0,0,1,1
22.0,24.7,83.0,114.0,0,1,0
41.0,25.0,77.0,106.0,1,1,0
48.0,31.3,73.0,115.0,0,0,0
46.0,32.8,90.0,128.0,0,1,0
57.0,30.8,120.0,121.0,0,0,1
25.0,32.2,114.0,106.0,0,1,1
21.0,29.3,88.0,120.0,0,0,0
45.0,30.9,96.0,127.0,1,1,0
48.0,31.4,101.0,122.0,0,1,0
72.0,29.0,116.0,119.0,0,1,1
51.0,27.3,97.0,131.0,0,0,0
30.0,27.7,83.0,144.0,0,1,1
53.0,39.0,93.0,117.0,0,0,1
30.0,27.1,106.0,96.0,1,1,0
21.0,25.8,124.0,102.0,1,0,0
79.0,25.2,88.0,117.0,1,1,1
47.0,26.8,65.0,104.0,1,0,0
52.0,28.2,105.0,107.0,0,1,0
50.0,21.3,89.0,127.0,0,0,0
67.0,17.1,93.0,131.0,0,0,0
46.0,28.5,110.0,137.0,1,1,0
59.0,19.0,92.0,128.0,1,0,0
28.0,28.3,71.0,108.0,0,0,0
23.0,27.7,65.0,125.0,0,1,0
62.0,32.8,96.0,119.0,0,0,1
63.0,35.4,82.0,124.0,0,0,0
49.0,28.8,97.0,107.0,1,0,1
45.0,24.2,73.0,132.0,0,0,0
44.0,21.1,85.0,128.0,1,1,0
32.0,23.0,68.0,107.0,1,0,0
64.0,27.2,90.0,121.0,0,1,1
51.0,16.7,83.0,116.0,0,0,0
49.0,27.4,101.0,122.0,0,0,0
47.0,26.9,111.0,129.0,0,1,0
57.0,30.2,93.0,124.0,1,1,1
49.0,25.3,80.0,124.0,0,0,0
52.0,27.5,121.0,103.0,0,1,0
26.0,23.3,93.0,107.0,0,0,0
49.0,24.7,100.0,97.0,0,0,1
73.0,18.1,101.0,144.0,1,1,0
35.0,27.6,111.0,133.0,1,0,0
40.0,34.7,109.0,130.0,1,1,1
54.0,27.8,103.0,135.0,1,1,1
55.0,28.8,105.0,147.0,0,0,1
51.0,22.1,79.0,129.0,0,0,0
19.0,34.2,83.0,95.0,0,0,0
49.0,23.2,90.0,115.0,1,1,0
25.0,31.0,92.0,86.0,0,1,0
30.0,27.5,90.0,105.0,0,1,1
50.0,22.2,95.0,103.0,0,0,0
38.0,32.1,93.0,119.0,0,0,0
53.0,27.1,87.0,126.0,0,0,0
80.0,27.9,75.0,118.0,0,0,0
53.0,29.3,106.0,119.0,0,0,0
52.0,26.9,101.0,124.0,0,0,1
29.0,25.1,77.0,111.0,0,0,0
33.0,29.3,98.0,114.0,0,1,0
27.0,25.0,94.0,85.0,1,1,0
35.0,27.3,92.0,110.0,1,1,0
27.0,23.7,65.0,121.0,0,0,0
33.0,19.5,70.0,114.0,1,1,0
39.0,23.6,81.0,97.0,1,0,0
28.0,24.5,111.0,109.0,1,1,0
22.0,27.1,77.0,115.0,0,1,0
23.0,32.9,86.0,103.0,0,0,1
48.0,18.6,74.0,123.0,0,1,0
43.0,27.6,85.0,109.0,0,1,0
56.0,16.0,94.0,112.0,0,0,0
57.0,21.8,65.0,118.0,0,1,0
37.0,24.5,65.0,142.0,0,0,0
51.0,16.0,98.0,111.0,0,1,0
22.0,17.7,85.0,100.0,0,1,0
74.0,27.8,88.0,136.0,0,0,1
59.0,27.4,108.0,117.0,0,1,1
39.0,26.4,105.0,119.0,0,0,0
26.0,23.0,65.0,85.0,0,0,0
47.0,37.8,94.0,128.0,0,1,0
18.0,26.2,103.0,110.0,0,1,0
31.0,22.7,79.0,97.0,1,0,0
52.0,35.4,92.0,141.0,1,1,1
43.0,30.1,106.0,117.0,0,0,0
35.0,25.1,86.0,112.0,1,1,0
55.0,33.0,79.0,109.0,1,0,0
27.0,27.8,80.0,94.0,0,1,0
46.0,30.2,75.0,114.0,0,0,0
35.0,28.2,99.0,98.0,0,1,0
30.0,21.9,65.0,117.0,0,0,0
48.0,31.9,109.0,132.0,1,0,0
28.0,27.8,67.0,106.0,0,0,0
69.0,22.0,94.0,104.0,1,0,0
34.0,23.2,68.0,108.0,0,0,0
70.0,31.8,93.0,116.0,0,0,1
27.0,25.2,103.0,114.0,0,1,0
50.0,27.2,109.0,122.0,0,0,1
25.0,30.3,109.0,109.0,0,0,0
23.0,27.6,88.0,113.0,0,0,0
44.0,19.4,90.0,127.0,0,0,1
51.0,30.2,98.0,142.0,0,0,1
24.0,31.7,99.0,108.0,0,0,0
59.0,31.3,90.0,133.0,1,0,1
31.0,35.1,109.0,115.0,0,1,0
44.0,28.8,97.0,106.0,0,1,0
47.0,30.9,110.0,136.0,0,1,1
50.0,34.9,103.0,129.0,0,1,1
18.0,25.5,97.0,111.0,0,1,0
65.0,35.7,88.0,133.0,0,0,1
50.0,35.7,90.0,122.0,0,0,0
36.0,30.9,74.0,105.0,0,0,0
28.0,36.2,89.0,139.0,0,0,0
18.0,31.3,87.0,123.0,0,1,0
23.0,22.6,99.0,113.0,0,0,0
50.0,32.7,77.0,134.0,0,1,0
37.0,28.6,137.0,132.0,0,0,1
26.0,29.1,88.0,111.0,0,0,1
35.0,27.8,108.0,123.0,0,0,1
64.0,33.8,112.0,124.0,0,0,1
37.0,29.8,65.0,125.0,0,0,0
34.0,23.5,85.0,110.0,0,0,0
61.0,29.4,116.0,154.0,1,0,1
48.0,30.6,65.0,117.0,0,0,0
43.0,23.4,101.0,122.0,0,0,0
33.0,24.8,77.0,119.0,1,0,0
20.0,25.1,81.0,106.0,0,1,0
26.0,24.0,91.0,122.0,0,0,0
35.0,28.7,65.0,115.0,0,1,0
39.0,32.1,96.0,114.0,1,1,1
47.0,36.5,87.0,124.0,0,1,0
50.0,33.0,85.0,114.0,0,1,1
45.0,32.1,104.0,135.0,0,1,0
45.0,32.7,143.0,129.0,0,0,1
28.0,33.7,97.0,128.0,0,0,0
18.0,25.1,95.0,93.0,0,0,1
35.0,30.5,91.0,120.0,1,0,1
29.0,28.6,80.0,105.0,0,1,1
33.0,26.4,94.0,115.0,0,1,0
38.0,24.7,111.0,130.0,0,1,1
25.0,24.5,91.0,114.0,0,1,0
26.0,25.7,101.0,110.0,0,0,1
41.0,20.8,86.0,127.0,0,0,0
44.0,29.6,128.0,131.0,0,1,1
33.0,26.9,67.0,137.0,0,1,0
49.0,27.5,101.0,98.0,0,0,0
39.0,28.7,99.0,121.0,0,1,0
28.0,30.6,95.0,110.0,0,1,0
43.0,24.0,75.0,106.0,1,0,0
68.0,26.5,79.0,127.0,0,0,0
33.0,19.0,84.0,97.0,0,1,0
58.0,16.0,91.0,90.0,0,1,0
61.0,17.3,74.0,108.0,1,1,0
63.0,34.7,83.0,125.0,0,1,0
30.0,17.9,94.0,132.0,0,1,0
70.0,29.4,111.0,118.0,0,1,1
44.0,34.4,87.0,108.0,0,0,0
38.0,24.7,80.0,92.0,1,0,0
39.0,35.1,84.0,116.0,0,0,0
50.0,36.2,131.0,122.0,1,0,1
43.0,31.7,100.0,122.0,0,0,1
40.0,38.9,95.0,105.0,0,0,0
60.0,30.1,110.0,115.0,1,1,1
32.0,23.4,121.0,85.0,0,1,0
27.0,29.6,107.0,116.0,1,1,0
53.0,24.8,72.0,101.0,1,0,1
52.0,20.5,89.0,85.0,0,1,0
57.0,20.6,86.0,133.0,0,0,0
27.0,38.6,89.0,125.0,0,1,0
57.0,24.3,76.0,125.0,0,0,0
49.0,26.9,87.0,124.0,0,1,0
67.0,23.7,79.0,111.0,0,1,0
25.0,27.7,94.0,126.0,0,0,0
45.0,25.8,92.0,105.0,0,0,0
38.0,25.0,70.0,138.0,0,0,0
20.0,21.0,65.0,111.0,1,0,0
32.0,20.0,80.0,89.0,0,0,0
58.0,23.3,101.0,131.0,0,1,0
35.0,28.5,98.0,140.0,0,0,0
32.0,37.4,93.0,117.0,0,1,0
54.0,32.3,65.0,137.0,1,0,0
56.0,36.2,90.0,124.0,1,1,1
56.0,29.5,84.0,115.0,1,1,0
31.0,26.6,85.0,85.0,0,0,1
41.0,20.5,72.0,129.0,0,1,0
56.0,27.1,88.0,117.0,0,0,0
33.0,16.4,76.0,114.0,0,0,0
32.0,25.6,127.0,100.0,0,1,0
54.0,35.2,106.0,114.0,0,1,0
64.0,28.7,93.0,138.0,1,1,1
26.0,32.7,91.0,111.0,0,1,0
18.0,25.2,85.0,105.0,1,1,0
22.0,20.2,88.0,93.0,0,0,0
28.0,24.7,83.0,115.0,0,0,0
40.0,25.1,90.0,125.0,0,1,0
51.0,33.1,110.0,118.0,1,1,1
40.0,37.0,107.0,120.0,0,0,1
32.0,23.4,93.0,98.0,0,0,0
44.0,25.3,110.0,134.0,0,1,0
29.0,26.4,92.0,106.0,1,0,0
41.0,25.4,77.0,115.0,0,0,0
33.0,20.9,65.0,132.0,0,1,1
80.0,27.6,88.0,126.0,0,0,0
53.0,28.9,93.0,103.0,1,0,1
30.0,29.1,96.0,104.0,1,1,1
28.0,21.1,102.0,106.0,0,0,0
36.0,26.6,82.0,137.0,0,0,1
19.0,18.4,73.0,109.0,1,0,0
32.0,31.7,103.0,114.0,0,0,0
32.0,22.0,104.0,122.0,0,0,0
54.0,25.8,86.0,136.0,1,1,0
36.0,24.9,94.0,106.0,1,0,0
31.0,24.2,108.0,130.0,0,0,0
23.0,21.8,91.0,120.0,0,0,0
26.0,18.3,85.0,114.0,0,1,0
41.0,35.8,66.0,93.0,1,0,1
39.0,28.4,110.0,120.0,0,0,0
58.0,28.5,103.0,140.0,0,0,1
33.0,37.6,96.0,117.0,0,1,0
57.0,26.6,87.0,150.0,0,0,0
46.0,29.9,76.0,121.0,0,1,0
42.0,27.3,90.0,105.0,0,0,0
18.0,33.1,89.0,121.0,0,1,0
24.0,29.7,105.0,117.0,1,1,0
52.0,28.7,77.0,132.0,0,1,1
62.0,25.9,114.0,120.0,0,0,1
45.0,28.6,93.0,135.0,1,0,1
53.0,33.0,112.0,117.0,1,1,1
36.0,16.8,73.0,112.0,0,1,0
37.0,26.5,95.0,101.0,1,1,0
33.0,25.1,106.0,104.0,0,1,1
56.0,25.7,95.0,124.0,1,1,0
47.0,17.3,68.0,106.0,1,1,0
39.0,30.8,88.0,113.0,0,0,1
37.0,22.9,97.0,112.0,0,0,0
50.0,26.0,73.0,123.0,1,1,0
47.0,24.6,71.0,127.0,0,1,0
30.0,18.8,90.0,119.0,1,1,0
66.0,24.9,81.0,136.0,0,1,0
46.0,18.0,98.0,117.0,1,0,0
42.0,22.5,73.0,109.0,0,0,0
63.0,25.6,68.0,104.0,1,1,1
56.0,27.1,83.0,118.0,0,0,0
41.0,27.4,112.0,108.0,1,0,1
50.0,26.5,80.0,98.0,0,0,0
27.0,37.9,93.0,139.0,0,1,0
33.0,29.3,94.0,94.0,0,0,0
18.0,21.1,72.0,112.0,0,1,0
59.0,24.1,108.0,128.0,0,0,1
18.0,23.9,89.0,106.0,0,1,0
52.0,26.3,99.0,152.0,0,0,1
30.0,24.1,65.0,113.0,0,0,0
28.0,22.9,65.0,102.0,1,1,1
39.0,35.4,65.0,142.0,0,1,0
46.0,27.4,90.0,109.0,0,0,0
51.0,25.5,89.0,102.0,1,0,1
67.0,25.9,105.0,112.0,0,1,1
47.0,26.1,113.0,111.0,0,1,0
54.0,34.1,93.0,126.0,0,1,0
34.0,29.6,87.0,121.0,1,0,0
52.0,32.8,102.0,105.0,1,1,0
44.0,16.0,109.0,117.0,0,0,1
36.0,28.8,80.0,144.0,0,1,0
41.0,32.5,102.0,111.0,0,0,1
41.0,37.0,92.0,121.0,0,1,1
45.0,27.3,87.0,127.0,0,1,0
48.0,18.6,100.0,130.0,0,1,0
35.0,30.1,81.0,109.0,0,1,1
32.0,24.2,74.0,102.0,0,0,0
52.0,18.2,99.0,104.0,0,0,0
18.0,24.1,86.0,122.0,0,0,0
33.0,32.5,89.0,129.0,0,1,0
64.0,33.2,95.0,101.0,0,1,0
18.0,30.8,96.0,86.0,1,0,0
32.0,21.9,83.0,97.0,0,1,0
52.0,39.8,109.0,109.0,1,0,1
19.0,21.3,92.0,113.0,0,0,0
78.0,26.8,118.0,131.0,0,1,1
18.0,20.0,103.0,131.0,0,1,0
62.0,33.8,109.0,137.0,0,1,0
64.0,29.4,93.0,127.0,1,1,0
55.0,31.6,97.0,138.0,0,0,1
39.0,27.6,83.0,106.0,0,1,0
47.0,26.8,132.0,102.0,0,0,0
29.0,28.1,87.0,115.0,0,0,1
53.0,17.8,97.0,128.0,1,0,1
26.0,32.2,110.0,96.0,0,0,0
38.0,31.8,74.0,130.0,0,1,0
56.0,25.2,81.0,132.0,1,0,0
26.0,27.1,84.0,107.0,0,1,1
37.0,28.7,77.0,119.0,1,0,0
44.0,35.1,77.0,119.0,0,1,0
23.0,29.4,82.0,114.0,0,1,0
58.0,27.4,112.0,133.0,0,0,0
47.0,24.7,101.0,108.0,0,0,0
21.0,19.7,86.0,120.0,0,1,0
41.0,24.2,91.0,127.0,1,1,1
31.0,27.6,67.0,126.0,0,0,0
33.0,26.0,99.0,90.0,0,0,0
43.0,27.6,98.0,96.0,0,0,1
32.0,30.9,76.0,125.0,1,1,1
56.0,29.4,97.0,116.0,0,1,1
32.0,28.6,88.0,107.0,0,0,0
56.0,30.5,88.0,114.0,0,0,0
41.0,28.2,78.0,102.0,1,1,0
54.0,27.1,84.0,118.0,0,1,0
34.0,29.6,78.0,108.0,1,0,1
35.0,18.6,94.0,103.0,0,0,0
26.0,33.5,97.0,122.0,1,0,0
50.0,20.8,95.0,103.0,0,1,0
55.0,31.4,93.0,138.0,1,0,0
72.0,27.3,90.0,100.0,0,1,0
60.0,32.8,125.0,157.0,0,1,1
45.0,27.4,66.0,102.0,0,0,0
39.0,22.5,106.0,122.0,0,0,0
47.0,32.6,100.0,133.0,0,1,0
42.0,28.2,93.0,118.0,0,0,1
62.0,27.8,88.0,133.0,0,0,1
55.0,27.7,91.0,121.0,0,1,0
30.0,32.3,75.0,95.0,0,0,0
32.0,31.3,72.0,121.0,0,1,0
61.0,28.4,93.0,138.0,1,0,1
46.0,19.5,66.0,109.0,0,1,0
39.0,25.2,102.0,95.0,0,0,0
59.0,27.8,110.0,116.0,1,1,0
37.0,36.2,65.0,125.0,0,0,0
38.0,29.2,70.0,121.0,1,1,0
36.0,26.8,94.0,129.0,1,1,0
18.0,33.2,93.0,120.0,0,1,0
54.0,26.7,95.0,127.0,1,0,1
25.0,27.1,95.0,88.0,0,1,0
34.0,28.1,101.0,143.0,0,1,0
32.0,19.8,99.0,112.0,0,1,0
52.0,32.1,120.0,134.0,0,1,1
41.0,29.4,93.0,114.0,0,0,0
42.0,25.9,103.0,115.0,0,0,0
18.0,21.6,65.0,109.0,1,1,0
41.0,28.3,90.0,137.0,1,0,0
21.0,34.3,74.0,134.0,0,0,0
46.0,24.1,111.0,125.0,0,1,0
47.0,22.0,123.0,141.0,0,1,0
42.0,29.4,100.0,114.0,0,0,1
71.0,19.3,75.0,129.0,1,1,0
49.0,16.2,87.0,109.0,0,1,0
50.0,25.1,93.0,135.0,0,0,0
44.0,23.8,93.0,117.0,0,1,0
39.0,25.9,106.0,128.0,1,0,1
56.0,24.5,106.0,142.0,0,0,0
57.0,28.9,65.0,98.0,1,1,1
24.0,26.2,108.0,138.0,1,0,0
57.0,24.3,86.0,125.0,0,0,0
49.0,25.0,84.0,115.0,0,1,0
55.0,30.4,115.0,100.0,0,0,0
49.0,32.1,91.0,119.0,0,1,0
25.0,31.8,72.0,87.0,0,0,0
26.0,30.8,72.0,116.0,0,1,0
68.0,16.0,92.0,118.0,0,0,0
46.0,22.3,103.0,139.0,1,1,0
22.0,25.7,109.0,107.0,0,1,0
47.0,28.3,91.0,133.0,1,1,1
37.0,19.2,81.0,127.0,0,1,0
18.0,34.4,114.0,140.0,0,0,0
18.0,28.8,82.0,109.0,0,1,0
20.0,24.2,108.0,119.0,0,1,0
46.0,28.1,96.0,101.0,0,0,1
41.0,25.6,94.0,103.0,0,1,0
39.0,23.5,86.0,112.0,0,1,0
46.0,29.8,98.0,120.0,0,1,0
50.0,25.0,86.0,104.0,1,0,0
18.0,20.2,76.0,102.0,1,0,0
38.0,24.1,88.0,124.0,1,0,0
30.0,26.7,81.0,109.0,0,0,0
25.0,21.9,91.0,108.0,0,0,0
34.0,33.6,94.0,108.0,0,1,1
40.0,21.9,86.0,132.0,0,1,0
38.0,36.1,92.0,143.0,0,0,0
22.0,31.8,87.0,117.0,0,1,0
35.0,22.6,113.0,112.0,0,1,0
70.0,28.0,96.0,147.0,0,0,0
27.0,33.2,84.0,122.0,1,1,1
18.0,26.4,84.0,102.0,0,0,0
